code,ticker,name,name_jp,market,sector33,sector17,yf_sector,yf_industry,currency,price,book_value_per_share,pbr,market_cap,trailing_pe,forward_pe,roe,trailing_eps,total_revenue,operating_margins,profit_margins,total_cash,total_debt,dividend_yield,fetched_at,score,net_income_years,net_income_4y_mean,net_income_4y_cv,net_income_4y_min,net_income_all_positive_4y,revenue_4y_mean,revenue_3y_cagr,roe_3y_mean,roe_3y_min,fcf_5y_mean,fcf_yield_5y,net_buyback_4y,shares_change_4y
4235,4235.T,"Ultrafabrics Holdings Co.,Ltd.",ウルトラファブリックス・ホールディングス,スタンダード（内国株式）,化学,素材・化学,Consumer Cyclical,Textile Manufacturing,JPY,667.0,1548.345,0.43078256,10612365312,18.471336,6.7035174,0.36705002,36.11,9157999616.0,0.15168001,0.27364,1680000000.0,15509000192.0,5.22,2026-04-30,3.59,4,1621500000.0,0.4037073857670981,668000000.0,True,20372250000.0,0.016038079231412317,0.09667041329572273,0.03812894203601701,1200500000.0,0.11312275489070536,1800000000.0,0.027651050354574824
4404,4404.T,"Miyoshi Oil & Fat Co., Ltd.",ミヨシ油脂,スタンダード（内国株式）,食料品,食品,Consumer Defensive,Packaged Foods,JPY,2146.0,4178.426,0.5135906,21891796992,2.275354,,0.26101,943.15,59474001920.0,0.05155,0.16168,9672999936.0,15656999936.0,3.26,2026-04-30,2.023,4,3561000000.0,1.0325347368422222,-268000000.0,False,56371500000.0,0.0408483065512677,0.14502625307641473,0.07877868386117959,-1682000000.0,-0.07683243182890191,69000000.0,-0.00043906875095478526
8887,8887.T,"SYLA Holdings Co., Ltd.",シーラホールディングス,スタンダード（内国株式）,不動産業,不動産,Real Estate,Real Estate - Development,JPY,378.0,36189.035,0.010445152,14215164928,4.4179525,,0.10428,85.56,30872023040.0,0.104090005,0.03611,2559326976.0,32361854976.0,1.3,2026-04-30,1.879,4,288809500.0,2.068419276749186,-657912000.0,False,5923396500.0,-0.03683299903294013,0.009217285645273897,-0.058955646519897056,1206448000.0,0.08487048909461657,76411000.0,0.13886003512814216
4574,4574.T,"Taiko Pharmaceutical Co.,Ltd.",大幸薬品,プライム（内国株式）,医薬品,医薬品,Healthcare,Drug Manufacturers - Specialty & Generic,JPY,292.0,525.895,0.5552439,14673346560,15.895481,63.478264,0.20142001,18.37,22456000512.0,0.21345,0.18605,4944000000.0,94000000.0,1.19,2026-04-30,1.806,4,-1671250000.0,1.5685100291818785,-4895000000.0,False,5962250000.0,0.08271778687905229,-0.08480796784803428,-0.4886002300250321,-453500000.0,-0.030906378319738942,-0.0,0.15319060452518296
5351,5351.T,"Shinagawa Refra Co., Ltd.",品川リフラ,プライム（内国株式）,ガラス・土石製品,建設・資材,Industrials,Building Products & Equipment,JPY,1916.0,2615.272,0.73261976,87433060352,9.487497,8.212602,0.28977,201.95,169024995328.0,0.057550002,0.18837,31922999296.0,45035999232.0,4.67,2026-04-30,1.777,4,9668250000.0,0.37424625942451867,5308000000.0,True,130998500000.0,0.09152624144544275,0.14819794760902685,0.11342005904153206,5499250000.0,0.06289668893963411,2251000000.0,-0.024670021470659997
2220,2220.T,"Kameda Seika Co.,Ltd.",亀田製菓,プライム（内国株式）,食料品,食品,Consumer Defensive,Packaged Foods,JPY,1429.0,1586.345,0.90081286,90383040512,3.3590333,,0.31041,425.42,130271002624.0,0.103649996,0.20582001,18698999808.0,46243000320.0,1.52,2026-04-30,1.698,4,3496250000.0,0.42060870675137746,1892000000.0,True,94737750000.0,0.06634202886890583,0.04581167625827006,0.02950050284948039,808500000.0,0.008945262246324373,2000000.0,-1.6553088291626494e-05
9506,9506.T,"Tohoku Electric Power Company, Incorporated",東北電力,プライム（内国株式）,電気・ガス業,電力・ガス,Utilities,Utilities - Renewable,JPY,1088.5,2189.534,0.49713776,544597704704,3.31153,4.081059,0.16431999,328.7,2451704119296.0,0.07533,0.06959,537252986880.0,3012268916736.0,3.46,2026-04-30,1.169,4,43246250000.0,3.7477367292565003,-127562000000.0,False,2643594000000.0,0.0791727104889115,0.10860996157690196,-0.20432051998725018,215975500000.0,0.39657805777456795,,0.0007360616083633698
7347,7347.T,"Mercuria Holdings Co., Ltd.",マーキュリアホールディングス,プライム（内国株式）,証券、商品先物取引業,金融（除く銀行）,Financial Services,Asset Management,JPY,753.0,929.496,0.81011647,14569137152,inf,,0.09349,0.0,7215000064.0,0.54257,0.2334,5232000000.0,684000000.0,2.81,2026-04-30,1.068,4,1201985750.0,0.3878505111789994,505721000.0,True,5805511250.0,0.16204542931773624,0.06224464199281052,0.029231454490301362,962827500.0,0.0660867894889593,931872000.0,-0.035175864111258615
7463,7463.T,"Advan Group Co., Ltd.",アドヴァングループ,スタンダード（内国株式）,小売業,小売,Basic Materials,Building Materials,JPY,958.0,1788.092,0.5357666,32170256384,4.0686316,,0.14129,235.46,17036000256.0,0.13419,0.47329,8265999872.0,18396999680.0,4.18,2026-04-30,1.017,4,5873839250.0,0.4671689038695754,3364570000.0,True,19196968000.0,0.017753544031287927,0.13980910582234296,0.07915271166972647,1162665750.0,0.03614101597829529,4595445000.0,-0.10786297867236183
7102,7102.T,"Nippon Sharyo, Ltd.",日本車輌製造,プライム（内国株式）,輸送用機器,自動車・輸送機,Industrials,Railroads,JPY,3730.0,5699.997,0.6543863,53821022208,4.6161084,,0.15877,808.04,99970998272.0,0.1541,0.116639994,5087000064.0,32597000192.0,1.35,2026-04-30,0.953,4,5035250000.0,0.23786939933391413,3118000000.0,True,94097250000.0,0.00815131041328332,0.08644103540444041,0.06310016493468384,2869750000.0,0.05332024332256993,,-0.00015694199119131724
2993,2993.T,Choei Inc.,長栄,スタンダード（内国株式）,不動産業,不動産,Real Estate,Real Estate Services,JPY,2380.0,2761.904,0.8617244,10400524288,5.5174336,,0.18962999,431.36,10622000128.0,0.22368,0.20185,11143000064.0,50975997952.0,4.13,2026-04-30,0.947,4,1564212750.0,0.1985697811263962,1256294000.0,True,9256120500.0,0.05731769953943,0.15453684999925854,0.1272711662265307,-2138298250.0,-0.2055952364312194,559300000.0,-0.011709916485681648
6149,6149.T,"Odawara Engineering Co., Ltd.",小田原エンジニアリング,スタンダード（内国株式）,機械,機械,Industrials,Specialty Industrial Machinery,JPY,1984.0,3238.266,0.6126736,11351614464,4.8988867,10.730124,0.13239999,404.99,18237999104.0,0.19405001,0.12693,8725000192.0,0.0,3.51,2026-04-30,0.913,4,1377762500.0,0.4439924650789387,801534000.0,True,15051053500.0,0.08990658128538875,0.09625067019659439,0.05387190983249268,1542572500.0,0.13589014187295076,732000.0,0.007536830093787694
8387,8387.T,"The Shikoku Bank, Ltd.",四国銀行,プライム（内国株式）,銀行業,銀行,Financial Services,Banks - Regional,JPY,2559.0,4488.418,0.57013404,106869907456,16.31599,,0.09653,156.84,53284999168.0,0.27794,0.3197,160461996032.0,213524004864.0,2.3,2026-04-30,0.912,4,6898000000.0,0.12706571280608725,5549000000.0,True,47821750000.0,0.06548879705733412,0.041274677402952105,0.0364702286865394,-17511500000.0,-0.16385810015985797,4000000.0,0.0031951928854705436
9414,9414.T,Nippon BS Broadcasting Corporation,日本ＢＳ放送,スタンダード（内国株式）,情報・通信業,情報通信・サービスその他,Communication Services,Broadcasting,JPY,906.0,1354.211,0.6690242,16157598720,14.196177,13.111433,0.11429,63.82,12115999744.0,0.27354,0.14642,8995000320.0,509000000.0,3.32,2026-04-30,0.828,4,1446665750.0,0.06679839376696317,1345307000.0,True,12180484750.0,-0.012055266138566001,0.06059731276579927,0.056025173508264116,1485495000.0,0.0919378569639338,,0.0007189438041508289
6430,6430.T,"Daikoku Denki Co., Ltd.",ダイコク電機,プライム（内国株式）,機械,機械,Technology,Computer Hardware,JPY,2352.0,3478.158,0.67622,34244702208,5.4357624,37.813503,0.13354,432.69,55001300992.0,0.19377,0.11598,18553802752.0,0.0,4.24,2026-04-30,0.764,4,5087188750.0,0.6052922870671427,1228963000.0,True,41872905500.0,0.3302686296293704,0.16627285659697424,0.09072491086755068,3150968500.0,0.09201331291658578,3101571000.0,0.0008774278423662185
6419,6419.T,Mars Group Holdings Corporation,マースグループホールディングス,プライム（内国株式）,機械,機械,Consumer Cyclical,Leisure,JPY,2792.0,4511.768,0.61882615,51523948544,7.1333675,15.756208,0.08817001,391.4,32696530944.0,0.29177,0.21583,37779460096.0,625137984.0,5.31,2026-04-30,0.748,4,5575558000.0,0.5577080414819655,1855121000.0,True,28569004250.0,0.40902766715736094,0.10271005660486264,0.056894906898065666,3916504750.0,0.07601328820238641,1123465000.0,0.09524498692779093
9508,9508.T,"Kyushu Electric Power Company, Incorporated",九州電力,プライム（内国株式）,電気・ガス業,電力・ガス,Utilities,Utilities - Independent Power Producers,JPY,1689.0,2385.836,0.707928,798530404352,4.642278,10.310726,0.16837999,363.83,2290826870784.0,0.089370005,0.079,328004009984.0,3278033911808.0,2.86,2026-04-30,0.721,4,61413500000.0,1.4661379989313479,-56429000000.0,False,2115221750000.0,0.10573592009254829,0.09012652820019262,-0.09193700012545232,326569750000.0,0.4089634511349738,102839000000.0,-0.000369882270689903
4977,4977.T,Nitta Gelatin Inc.,新田ゼラチン,スタンダード（内国株式）,化学,素材・化学,Basic Materials,Specialty Chemicals,JPY,1196.0,1289.545,0.9274589,21752471552,4.771594,10.101351,0.21492,250.65,37509001216.0,0.1144,0.121379994,5967000064.0,6888000000.0,2.96,2026-04-30,0.708,4,898250000.0,2.0169049851697882,-1850000000.0,False,37533500000.0,0.06825169956701127,0.049030211231187004,-0.099243602811008,844750000.0,0.038834667498844774,3000000.0,0.0034548571172923204
8917,8917.T,"First Juken Co., Ltd.",ファースト住建,スタンダード（内国株式）,不動産業,不動産,Consumer Cyclical,Residential Construction,JPY,1105.0,2929.224,0.377233,15374509056,10.765783,,0.085710004,102.64,39623999488.0,0.08201,0.06289,13107000320.0,9676000256.0,3.83,2026-04-30,0.705,4,1933440250.0,0.20230145881408224,1435197000.0,True,40552042000.0,0.023771371645874506,0.04900495999625818,0.03565304860783646,329825500.0,0.02145275005521451,74000.0,0.001284494939238101
5445,5445.T,"Tokyo Tekko Co., Ltd.",東京鐵鋼,プライム（内国株式）,鉄鋼,鉄鋼・非鉄,Basic Materials,Steel,JPY,1806.0,2432.047,0.7425843,45709860864,4.5421395,7.0054307,0.15648,397.61,73455001600.0,0.15199,0.12606,7456999936.0,4536000000.0,12.72,2026-04-30,0.702,4,4418250000.0,1.3274755225452168,-4724000000.0,False,76882000000.0,0.07713801496347283,0.1447254483887608,0.08270668189476779,1575000000.0,0.03445646016482261,1979000000.0,-0.03672174572132503
9022,9022.T,Central Japan Railway Company,東海旅客鉄道,プライム（内国株式）,陸運業,運輸・物流,Industrials,Railroads,JPY,3744.0,5185.515,0.7220112,3576475942912,6.5582957,8.819373,0.114700004,570.88,2006218047488.0,0.27111,0.27558002,368593010688.0,4805923176448.0,0.79,2026-04-30,0.691,4,252580750000.0,0.7757663737760429,-51928000000.0,False,1469419500000.0,0.2512315192489425,0.0871427460102312,0.059922731882527225,12173250000.0,0.003403699673732022,1000000.0,-7.266291582874729e-07
4231,4231.T,Tigers Polymer Corporation,タイガースポリマー,スタンダード（内国株式）,化学,素材・化学,Basic Materials,Specialty Chemicals,JPY,988.0,2273.48,0.43457606,19300683776,5.0177755,,0.095410004,196.9,50891001856.0,0.06771,0.078600004,18517000192.0,2024999936.0,3.55,2026-04-30,0.615,4,2012942750.0,0.5940334370259049,816448000.0,True,45840899500.0,0.06468816363816088,0.061850485521891124,0.024398066008128945,2461308000.0,0.12752439387979536,171796000.0,-0.008070842031577596
7466,7466.T,SPK Corporation,ＳＰＫ,プライム（内国株式）,卸売業,商社・卸売,Consumer Cyclical,Auto Parts,JPY,1272.0,2794.838,0.4551248,25685903360,9.753105,,0.10411,130.42,74135003136.0,0.05129,0.03793,8184000000.0,8057999872.0,2.81,2026-04-30,0.601,4,2143622000.0,0.15863147526354723,1625253000.0,True,58601390250.0,0.12952865687163762,0.09894831986192891,0.09714595236803662,278215500.0,0.010831446965313195,,0.004781575305852659
6418,6418.T,"Japan Cash Machine Co., Ltd.",日本金銭機械,プライム（内国株式）,機械,機械,Industrials,Business Equipment & Supplies,JPY,973.0,1295.077,0.75130665,26394202112,5.702397,32.00658,0.14310001,170.63,30916444160.0,0.16922002,0.15174,22408933376.0,9450000384.0,4.07,2026-04-30,0.597,4,2710978750.0,0.4576741514576829,605375000.0,True,28681296000.0,0.2357339719326912,0.1227282665011219,0.11759208267599876,257886250.0,0.009770564342339154,3943696000.0,-0.09204476297729958
8928,8928.T,Anabuki Kosan Inc.,穴吹興産,スタンダード（内国株式）,不動産業,不動産,Real Estate,Real Estate Services,JPY,2507.0,4547.755,0.551261,26741669888,4.962784,,0.1166,505.16,147807993856.0,0.086289994,0.03645,15105000448.0,70982000640.0,2.82,2026-04-30,0.588,4,4201123250.0,0.09700372835137355,3722466000.0,True,122661865000.0,0.05562863914406657,0.11094005090335535,0.08869175617547456,-4044784500.0,-0.15125399860743355,157000.0,-3.843686819382519e-06
3020,3020.T,"Applied Co.,Ltd.",アプライド,スタンダード（内国株式）,小売業,小売,Technology,Electronics & Computer Distribution,JPY,3890.0,4855.254,0.80119395,10514067456,4.933418,,0.18445,788.5,48638001152.0,0.067210004,0.04632,7578999808.0,320000000.0,2.57,2026-04-30,0.581,4,1390000000.0,0.18650237939169026,1098000000.0,True,43167250000.0,0.024654835452901036,0.13543791822539397,0.1232430230189448,1532000000.0,0.1457095464159061,-0.0,-5.4382448453238474e-05
5906,5906.T,"MK Seiko Co., Ltd.",エムケー精工,スタンダード（内国株式）,金属製品,建設・資材,Technology,Consumer Electronics,JPY,865.0,1347.215,0.6420653,12045784064,7.7460375,,0.114630006,111.67,28500000768.0,0.16099001,0.07119,5346999808.0,3351000064.0,1.73,2026-04-30,0.563,4,945559250.0,0.33380849270815566,566217000.0,True,27231468750.0,0.043818098917094206,0.07428015777283616,0.04952211720431503,1127292750.0,0.09358400781639646,,0.009542489066505233
2112,2112.T,"Ensuiko Sugar Refining Co., Ltd.",塩水港精糖,スタンダード（内国株式）,食料品,食品,Consumer Defensive,Confectioners,JPY,501.0,710.072,0.70556223,13788808192,5.297663,,0.14479,94.57,32724000768.0,0.11206,0.07872,2696999936.0,6967000064.0,3.95,2026-04-30,0.559,4,1179500000.0,0.5674873803551999,498000000.0,True,29288250000.0,0.08966212839041798,0.10220901365591077,0.04652683701592937,1426250000.0,0.103435335392328,-0.0,0.008089450192047654
1798,1798.T,Moriya Corporation,守谷商会,スタンダード（内国株式）,建設業,建設・資材,Industrials,Engineering & Construction,JPY,1194.0,1668.638,0.71555364,13020212224,4.750915,,0.16181,251.32,53027000320.0,0.06083,0.05133,10883999744.0,1844999936.0,9.84,2026-04-30,0.551,4,1433309000.0,0.2155513190890603,900315000.0,True,42856967500.0,0.08976438900598804,0.09947508260136251,0.07210229465753963,1355442000.0,0.10410291143346574,121922000.0,-0.008907103825136597
2418,2418.T,TSUKADA GLOBAL HOLDINGS Inc.,ツカダ・グローバルホールディング,スタンダード（内国株式）,サービス業,情報通信・サービスその他,Consumer Cyclical,Personal Services,JPY,620.0,785.951,0.7888533,29167136768,6.1624093,,0.123409994,100.61,73094995968.0,0.24826999,0.06523,27990999040.0,77720002560.0,2.25,2026-04-30,0.542,4,4035750000.0,0.36528867058416004,1498000000.0,True,61453250000.0,0.12236774140717532,0.16649973285032027,0.1373192788433846,2916000000.0,0.09997553147552066,199000000.0,-0.007415068534562308
9247,9247.T,TRE Holdings Corporation,ＴＲＥホールディングス,プライム（内国株式）,サービス業,情報通信・サービスその他,Industrials,Waste Management,JPY,1599.0,1705.623,0.9374873,75191967744,4.8142347,12.074304,0.17698,332.14,123234000896.0,0.19368,0.11379,26589999104.0,64632000512.0,3.05,2026-04-30,0.541,4,6461750000.0,0.5277972540998637,3623000000.0,True,92621000000.0,0.2026053435743307,0.10363947747406305,0.054636897625564576,13057500000.0,0.17365551656336237,5159000000.0,-0.04985620603671226
9248,9248.T,"People, Dreams & Technologies Group Co., Ltd.",人・夢・技術グループ,スタンダード（内国株式）,サービス業,情報通信・サービスその他,Industrials,Engineering & Construction,JPY,1546.0,2397.067,0.64495486,13512257536,8.748797,,0.12982,176.71,47473999872.0,0.09252,0.05519,8024000000.0,14403999744.0,3.88,2026-04-30,0.503,4,1227500000.0,0.7450133011975437,-190000000.0,False,40803500000.0,0.06936073648169883,0.0422092072210038,-0.009329732383992144,-683750000.0,-0.05060220308696165,1426000000.0,-0.029479150739110782
8152,8152.T,SOMAR Corporation,ソマール,スタンダード（内国株式）,卸売業,商社・卸売,Basic Materials,Specialty Chemicals,JPY,5520.0,11109.357,0.49687842,10697351168,4.7665105,,0.09273,1158.08,30656999424.0,0.086289994,0.06165,11198999552.0,6111000064.0,1.79,2026-04-30,0.486,4,1315886500.0,0.6008163075310619,611052000.0,True,26200481500.0,0.10135305324392085,0.08889774991669495,0.042871393851762,98501500.0,0.009208027151119135,6478000.0,-0.0006521512743500324
8860,8860.T,Fuji Corporation Limited,フジ住宅,プライム（内国株式）,不動産業,不動産,Real Estate,Real Estate Services,JPY,805.0,1604.275,0.50178427,28814913536,5.537975,,0.09658,145.36,140851511296.0,0.056149997,0.03797,20689860608.0,111590506496.0,3.98,2026-04-30,0.423,4,4252709500.0,0.09779805145637387,3817753000.0,True,119421084750.0,0.014471351127421483,0.08887948043330633,0.08350859680162817,-3708899250.0,-0.12871457154873206,938321000.0,0.0005580018620254812
1518,1518.T,"Mitsui Matsushima Holdings Co., Ltd.",三井松島ホールディングス,プライム（内国株式）,その他製品,情報通信・サービスその他,Energy,Thermal Coal,JPY,1356.0,1379.069,0.9832721,51928915968,6.6824365,6.560232,0.18361999,202.92,64461000704.0,0.16,0.16667,6489999872.0,51335000064.0,4.61,2026-04-30,0.391,4,13033750000.0,0.5158283873042014,5396000000.0,True,66163250000.0,0.09141931002781689,0.29722470308250126,0.13425789318383005,13472500000.0,0.2594411947343965,6302000000.0,-0.13788373216889172
7173,7173.T,"Tokyo Kiraboshi Financial Group, Inc.",東京きらぼしフィナンシャルグループ,プライム（内国株式）,銀行業,銀行,Financial Services,Banks - Regional,JPY,11700.0,13398.893,0.8732065,354405974016,12.988022,,0.09907,900.83,153629999104.0,0.33841,0.24905,931164979200.0,169728999424.0,1.43,2026-04-30,0.356,4,24086500000.0,0.2063812941957704,18183000000.0,True,124389000000.0,0.12169485534433488,0.0749231582989952,0.06545758410448455,10982500000.0,0.030988473121799535,636000000.0,0.0003480593054401293
7254,7254.T,Univance Corporation,ユニバンス,スタンダード（内国株式）,輸送用機器,自動車・輸送機,Consumer Cyclical,Auto Parts,JPY,798.0,1447.978,0.5511133,16652989440,7.8442936,,0.09348,101.73,54839001088.0,0.083009996,0.047870003,9857999872.0,408000000.0,2.03,2026-04-30,0.348,4,2086295500.0,0.4210575262122457,787999000.0,True,51087633750.0,0.031952576401370614,0.07785427246748888,0.04015971252540468,3797356000.0,0.22802848783887777,376000.0,-3.706052968621698e-05
1911,1911.T,"Sumitomo Forestry Co., Ltd.",住友林業,プライム（内国株式）,建設業,建設・資材,Consumer Cyclical,Residential Construction,JPY,1388.0,2025.788,0.68516546,848670162944,7.9765534,2.216261,0.12991,174.01,1141233942528.0,0.06561,0.031229999,89054003200.0,302932983808.0,3.47,2026-04-30,0.323,4,108509000000.0,0.047866987448836135,102170000000.0,True,1931025750000.0,0.10740698490329414,0.13263718783700515,0.11085406663756729,21630750000.0,0.02548781722803105,6053000000.0,0.019934971286542202
5644,5644.T,Metalart Corporation,メタルアート,スタンダード（内国株式）,鉄鋼,鉄鋼・非鉄,Industrials,Metal Fabrication,JPY,5060.0,8720.622,0.5802338,14484958208,7.920978,,0.09182,638.81,44818001920.0,0.10054,0.048189998,10115999744.0,4818999808.0,2.91,2026-04-30,0.31,4,2241000000.0,0.10641658137994355,1998000000.0,True,42055750000.0,0.07878632114981499,0.10909033026112869,0.08711386278912603,480250000.0,0.0331550835773043,315000000.0,-0.03998878120640392
7022,7022.T,Sanoyas Holdings Corporation,サノヤスホールディングス,スタンダード（内国株式）,機械,機械,Industrials,Aerospace & Defense,JPY,311.0,334.043,0.9310179,10415034368,7.9276066,,0.17322999,39.23,28017000448.0,0.10782,0.06296,3022000128.0,11111000064.0,2.34,2026-04-30,0.263,4,625000000.0,0.5149204210361054,425000000.0,True,21912750000.0,0.09305060596367998,0.07651164775715501,0.05353319057815846,-280000000.0,-0.02688421277420791,149000000.0,0.00661534110727513
5981,5981.T,"Tokyo Rope Mfg. Co., Ltd.",東京製綱,プライム（内国株式）,金属製品,建設・資材,Industrials,Specialty Industrial Machinery,JPY,1703.0,2549.091,0.6680813,26260756480,7.1747556,7.6919603,0.11254,237.36,63146000384.0,0.08618,0.066420004,5472000000.0,23019999232.0,3.78,2026-04-30,0.253,4,2594000000.0,0.3760398354966961,1306000000.0,True,64503250000.0,-0.0047945618295612835,0.09571173068684313,0.06218659025438583,1206500000.0,0.045943078635943393,710000000.0,-0.032902641295414314
9856,9856.T,"Ku Holdings Co.,Ltd.",ケーユーホールディングス,スタンダード（内国株式）,小売業,小売,Consumer Cyclical,Auto & Truck Dealerships,JPY,1139.0,2185.965,0.52105135,35714424832,6.56787,,0.085200004,173.42,164998004736.0,0.05172,0.034879997,10353999872.0,14574000128.0,6.55,2026-04-30,0.247,4,6285500000.0,0.05816972927092255,5744000000.0,True,149748250000.0,0.0685243863513092,0.10678772639814525,0.0996193135437408,2107500000.0,0.05900977013947842,-0.0,0.03208535938475321
6658,6658.T,"Shirai Electronics Industrial Co., Ltd.",シライ電子工業,スタンダード（内国株式）,電気機器,電機・精密,Technology,Electronic Components,JPY,682.0,690.584,0.98757,10173589504,5.6067085,,0.19188,121.64,29821999104.0,0.082279995,0.06264,1475000064.0,2852000000.0,5.12,2026-04-30,0.231,4,1738000000.0,0.19322545899003457,1327000000.0,True,30107750000.0,-0.0006808049216068257,0.28981597191649283,0.21644832605531295,2322500000.0,0.22828717426497808,65000000.0,0.08956526027763645
1867,1867.T,UEKI Corporation,植木組,スタンダード（内国株式）,建設業,建設・資材,Industrials,Engineering & Construction,JPY,2516.0,4676.622,0.53799516,16545192960,7.0656295,,0.08371,356.09,61316001792.0,0.064380005,0.04004,4368999936.0,4401999872.0,3.84,2026-04-30,0.227,4,1650885750.0,0.15619733873610644,1350877000.0,True,50807138750.0,0.020717313970616047,0.06518500350678377,0.05494462228843835,389254000.0,0.023526712619252522,198254000.0,-0.008541022172415591
9628,9628.T,"SAN Holdings, Inc.",燦ホールディングス,プライム（内国株式）,サービス業,情報通信・サービスその他,Consumer Cyclical,Personal Services,JPY,1390.0,1850.127,0.7512998,28797325312,6.0906143,,0.12838,228.22,39016001536.0,0.09323,0.11885,6864000000.0,15466999808.0,4.09,2026-04-30,0.223,4,2976750000.0,0.3496865650396851,2040000000.0,True,24021250000.0,0.16939263871866217,0.09965202120925128,0.07328040687217019,2195000000.0,0.07622235663272976,1648000000.0,-0.040930630843929006
5280,5280.T,"Yoshicon Co.,Ltd.",ヨシコン,スタンダード（内国株式）,不動産業,不動産,Real Estate,Real Estate - Development,JPY,2518.0,4041.655,0.6230121,17610403840,4.3186693,,0.091520004,583.05,26802999296.0,0.10694,0.093389995,2028000000.0,15745999872.0,6.31,2026-04-30,0.219,4,1982420000.0,0.34464674274347146,1166181000.0,True,21540146250.0,0.11039596379468186,0.08399618682286152,0.05083523361921026,33702000.0,0.001913755090808866,739588000.0,-0.024322028187955813
4208,4208.T,UBE Corporation,ＵＢＥ,プライム（内国株式）,化学,素材・化学,Basic Materials,Specialty Chemicals,JPY,2369.5,4373.067,0.5418394,230175539200,39.957844,6.8997145,0.08762,59.3,459331010560.0,0.05135,0.07703,53071998976.0,355045015552.0,4.6,2026-04-30,0.218,4,10407750000.0,1.5784520085923215,-7034000000.0,False,526260500000.0,-0.09431231852166921,0.014671549035385036,-0.019236080915149577,-3368750000.0,-0.014635569060502498,10058000000.0,0.0032378321963193457
3454,3454.T,"First Brothers Co.,Ltd.",ファーストブラザーズ,スタンダード（内国株式）,不動産業,不動産,Financial Services,Asset Management,JPY,1171.0,1863.147,0.6285065,16422444032,9.388278,,0.08488,124.73,20508160000.0,0.13359,0.10596,2618898944.0,55393837056.0,3.17,2026-04-30,0.218,4,1883512250.0,0.4137089121677227,1180361000.0,True,18120720500.0,0.10098343710475621,0.08845045111872275,0.0576905483606206,-842519500.0,-0.051302930206874583,,7.130994224602283e-05
8897,8897.T,"MIRARTH HOLDINGS,Inc.",ＭＩＲＡＲＴＨホールディングス,プライム（内国株式）,不動産業,不動産,Real Estate,Real Estate - Development,JPY,397.0,593.432,0.6689899,53983502336,10.09151,,0.11354,39.34,188438003712.0,0.06985,0.049439996,38368002048.0,269152993280.0,5.26,2026-04-30,0.212,4,6796000000.0,0.2223228641910838,4584000000.0,True,174483250000.0,0.06488522093706672,0.10466111022694287,0.07582938388625593,-6927250000.0,-0.12832161123752103,-0.0,0.2457964765227283
4365,4365.T,"Matsumoto Yushi-Seiyaku Co.,Ltd.",松本油脂製薬,スタンダード（内国株式）,化学,素材・化学,,,JPY,21110.0,29715.572,0.71040195,61313785856,8.967143,,0.081140004,2354.15,40668000256.0,0.21073,0.16654,51154001920.0,0.0,,2026-04-30,0.205,4,6768000000.0,0.11458592924218479,5491000000.0,True,40383000000.0,0.05009564237762465,0.10381141300423062,0.08942189985532767,5437500000.0,0.08868315541255883,4808000000.0,-0.10329815556227262
6493,6493.T,NITTAN Corporation,ＮＩＴＴＡＮ,スタンダード（内国株式）,輸送用機器,自動車・輸送機,Consumer Cyclical,Auto Parts,JPY,601.0,1051.78,0.57141227,17312145408,8.566134,,0.08814,70.16,51469000704.0,0.069910005,0.043909997,11756000256.0,12357000192.0,3.28,2026-04-30,0.204,4,566930000.0,0.18042488075177884,391865000.0,True,45367922500.0,0.09983508270376662,0.02015246389599654,0.016034626757352986,2656199000.0,0.15342979956560218,45716000.0,-0.0013334014494857938
3447,3447.T,"Shinwa Co., Ltd.",信和,スタンダード（内国株式）,金属製品,建設・資材,Industrials,Metal Fabrication,JPY,977.0,1243.508,0.7856805,13247823872,10.135906,,0.109230004,96.39,20060590080.0,0.17859,0.088929996,2563793920.0,10144431104.0,3.59,2026-04-30,0.2,4,961336250.0,0.3851182248701591,409665000.0,True,15250641500.0,0.029019358569286835,0.05161893115797898,0.02655349688776734,145881750.0,0.01101175192314634,299267000.0,0.0019286450275572964
1850,1850.T,"Nankai Tatsumura Construction Co., Ltd.",南海辰村建設,スタンダード（内国株式）,建設業,建設・資材,Industrials,Engineering & Construction,JPY,423.0,638.556,0.6624321,12194074624,5.9012275,,0.11437,71.68,50148999168.0,0.05609,0.039920002,8120999936.0,788000000.0,1.71,2026-04-30,0.196,4,1505000000.0,0.20975324522049976,1100000000.0,True,44039500000.0,0.12495223560773216,0.10542551686416894,0.07278501951961887,-361500000.0,-0.029645545984154212,,-3.6734188429421444e-05
8935,8935.T,"FJ Next Holdings Co., Ltd.",ＦＪネクストホールディングス,プライム（内国株式）,不動産業,不動産,Real Estate,Real Estate - Diversified,JPY,1504.0,2325.005,0.6468804,49259286528,6.6808815,,0.10465,225.12,125854998528.0,0.07429,0.060879998,18493999104.0,15662999552.0,3.69,2026-04-30,0.192,4,6223750000.0,0.05658667645481629,5621000000.0,True,94945000000.0,0.10977107352012427,0.09422148464891549,0.09199006739978716,2047500000.0,0.041565766463875976,-0.0,0.0014038335041532957
7523,7523.T,"Art Vivant Co., Ltd.",アールビバン,スタンダード（内国株式）,小売業,小売,Consumer Cyclical,Personal Services,JPY,1589.0,1773.778,0.895828,14471132160,10.630896,,0.090129994,149.47,11484999680.0,0.33263,0.124510005,7261000192.0,11025999872.0,1.87,2026-04-30,0.192,4,1384410000.0,0.16789534870133496,1150260000.0,True,10679056000.0,0.015300612780285494,0.09515411145438461,0.08114728681375577,245103250.0,0.016937392823865968,2101285000.0,-0.1586082948934091
4005,4005.T,"Sumitomo Chemical Company, Limited",住友化学,プライム（内国株式）,化学,素材・化学,Basic Materials,Chemicals,JPY,505.4,629.0,0.8034976,827538210816,9.751109,12.97561,0.12083,51.83,2407775076352.0,0.15158,0.04044,276883013632.0,1221485002752.0,2.65,2026-04-30,0.191,4,-26032500000.0,6.718424833173382,-311838000000.0,False,2678444500000.0,-0.01955050139545733,-0.08155173125703916,-0.29185402525568044,-21478333333.333332,-0.025954491348688862,,0.0010576301341740368
6191,6191.T,AirTrip Corp.,エアトリ,プライム（内国株式）,サービス業,情報通信・サービスその他,Consumer Cyclical,Travel Services,JPY,685.0,713.164,0.9605084,15598652416,8.655547,7.67421,0.15899,79.14,29682999296.0,0.14827,0.08631,12483999744.0,6616999936.0,1.46,2026-04-30,0.167,4,1694500000.0,0.15772131586574378,1274000000.0,True,22912500000.0,0.2740707521001735,0.1318663375014192,0.1183739837398374,2411250000.0,0.1545806609247033,,0.012803989826131179
9115,9115.T,"Meiji Shipping Group Co., Ltd.",明海グループ,スタンダード（内国株式）,海運業,運輸・物流,Industrials,Integrated Freight & Logistics,JPY,1274.0,1525.678,0.8350386,43387781120,8.900377,,0.13999,143.14,64422998016.0,0.10329001,0.091800004,56364998656.0,149697003520.0,0.36,2026-04-30,0.159,4,4429710250.0,0.33022143066332804,2812147000.0,True,59109759500.0,0.1381327933718579,0.13738860721787177,0.06212622724504236,4793872250.0,0.11048899312784216,106000.0,0.012686671839560626
7888,7888.T,Sanko Gosei Ltd.,三光合成,プライム（内国株式）,化学,素材・化学,Technology,Semiconductor Equipment & Materials,JPY,866.0,1187.78,0.7290912,26398939136,6.594578,7.2347536,0.12641,131.32,96659996672.0,0.058080003,0.043920003,13537999872.0,26383998976.0,3.26,2026-04-30,0.155,4,2594000000.0,0.30211063855479564,1811000000.0,True,82914750000.0,0.1153347079953213,0.10178140947014719,0.08680706549874719,2039500000.0,0.07725689238848056,-0.0,-1.8698443960962763e-06
7460,7460.T,"Yagi & Co.,Ltd.",ヤギ,スタンダード（内国株式）,卸売業,商社・卸売,Consumer Cyclical,Textile Manufacturing,JPY,3805.0,5668.567,0.6712455,30902128640,8.893096,,0.096190006,427.86,85096996864.0,0.10767,0.04995,8053000192.0,17487998976.0,3.86,2026-04-30,0.146,4,1520092000.0,0.5806006462838876,366568000.0,True,82542096000.0,0.024553465705562383,0.04867635936171493,0.02855710615615492,2090033750.0,0.06763397351516559,-0.0,0.006879308274288398
8596,8596.T,"Kyushu Leasing Service Co., Ltd.",九州リースサービス,スタンダード（内国株式）,その他金融業,金融（除く銀行）,Industrials,Rental & Leasing Services,JPY,1399.0,1958.814,0.7142077,31630030848,8.7448435,,0.083179995,159.98,30862999552.0,0.18495001,0.11642,4176999936.0,160576995328.0,4.26,2026-04-30,0.139,4,3651500000.0,0.3770285479177893,2127000000.0,True,34799500000.0,0.10002132819468557,0.11032045983722183,0.07882079131109387,-9893500000.0,-0.3127881868830228,283000000.0,-0.006221506870471516
8609,8609.T,Okasan Securities Group Inc.,岡三証券グループ,プライム（内国株式）,証券、商品先物取引業,金融（除く銀行）,Financial Services,Capital Markets,JPY,904.0,1096.042,0.8247859,180876574720,8.491452,,0.097270004,106.46,91847999488.0,0.23077999,0.23256001,646928990208.0,541029007360.0,4.29,2026-04-30,0.138,4,8855250000.0,0.5567397640268132,529000000.0,True,79957750000.0,0.00071103155274721,0.04365814162381062,0.003095676294083396,-11319500000.0,-0.06258134873198908,12897000000.0,0.01798892167265964
7235,7235.T,"Tokyo Radiator Mfg.Co.,Ltd.",東京ラヂエーター製造,スタンダード（内国株式）,輸送用機器,自動車・輸送機,Consumer Cyclical,Auto Parts,JPY,1423.0,2413.97,0.5894854,13552386048,7.0760813,,0.0848,201.1,35263574016.0,0.0719,0.05589,9665716224.0,0.0,4.13,2026-04-30,0.131,4,396045500.0,2.928740900898414,-801048000.0,False,31558848000.0,0.08065901723130797,0.04041637020838653,-0.03690312671242741,554361750.0,0.04090510320740238,3723023000.0,-0.3443219056657054
9686,9686.T,"Toyo Tec Co.,Ltd.",東洋テック,スタンダード（内国株式）,サービス業,情報通信・サービスその他,Industrials,Security & Protection Services,JPY,1536.0,2243.879,0.68452895,15990556672,7.5709777,,0.107480004,202.88,44429000704.0,0.072129995,0.05422,12769999872.0,8245000192.0,4.29,2026-04-30,0.119,4,630080750.0,0.16932217720349205,459515000.0,True,30944737500.0,0.08338685516157929,0.032724888103858756,0.0298660511955792,-360026750.0,-0.022514960384738755,770000000.0,-0.011812754740703424
7327,7327.T,"Daishi Hokuetsu Financial Group, Inc.",第四北越フィナンシャルグループ,プライム（内国株式）,銀行業,銀行,Financial Services,Banks - Regional,JPY,1958.0,2084.957,0.9391081,513412300800,13.677005,,0.08083,143.16,202487005184.0,0.37433997,0.20758,2020551950336.0,1468983017472.0,3.14,2026-04-30,0.115,4,20866000000.0,0.25631256914265294,15144000000.0,True,132666500000.0,0.0411233244541771,0.049471093883242535,0.042110252642555815,120147750000.0,0.23401805880534135,8840000000.0,-0.03907146638120562
9691,9691.T,"Ryomo Systems Co.,Ltd.",両毛システムズ,スタンダード（内国株式）,情報・通信業,情報通信・サービスその他,Technology,Software - Application,JPY,3865.0,4254.068,0.90854216,13521833984,6.901909,,0.15145001,559.99,26211000320.0,0.111829996,0.08035,4071000064.0,4506999808.0,1.14,2026-04-30,0.114,4,1173190250.0,0.2148052356535295,944888000.0,True,18347854750.0,0.1320394077365834,0.10535019560441476,0.08092908696758354,-383047000.0,-0.028328036008521372,,-2.5723605008853845e-05
4301,4301.T,Amuse Inc.,アミューズ,プライム（内国株式）,サービス業,情報通信・サービスその他,Communication Services,Entertainment,JPY,1970.0,2317.333,0.8501152,31929475072,6.7902937,18.942308,0.14023,290.12,69329002496.0,0.096049994,0.07516,31126999040.0,221000000.0,2.02,2026-04-30,0.101,4,1323750000.0,0.4082971034379901,391000000.0,True,53560000000.0,0.20734184413941592,0.036223214803851184,0.011515749480907712,1376000000.0,0.043094977192614715,1692000000.0,-0.04697382815734141
6797,6797.T,"Nagoya Electric Works Co., Ltd.",名古屋電機工業,スタンダード（内国株式）,電気機器,電機・精密,Industrials,Security & Protection Services,JPY,1233.0,1922.448,0.64136976,14493612032,6.5637474,,0.088,187.85,17079000064.0,0.08663999,0.11241999,6969999872.0,0.0,3.67,2026-04-30,0.077,4,1868573750.0,0.13056270013526036,1597153000.0,True,17558589000.0,-0.002267818948144429,0.09121048532494268,0.08454585617224566,-193206000.0,-0.013330424436187916,,0.005589008648733795
9503,9503.T,"The Kansai Electric Power Company, Incorporated",関西電力,プライム（内国株式）,電気・ガス業,電力・ガス,Utilities,Utilities - Renewable,JPY,2505.5,3031.834,0.8263975,2791285981184,6.44684,7.626396,0.12425,388.64,4133611896832.0,0.1182,0.09635,713609969664.0,4363732123648.0,3.55,2026-04-30,0.068,4,241437000000.0,0.7925695474838703,17679000000.0,True,3800066250000.0,0.1499767304330446,0.12842962838774194,0.01025359062717767,567160500000.0,0.2031896780993481,,0.24824772495394742
3946,3946.T,"Tomoku Co., Ltd.",トーモク,プライム（内国株式）,パルプ・紙,素材・化学,Consumer Cyclical,Packaging & Containers,JPY,3490.0,5936.438,0.5878946,57573113856,7.7872233,6.2905555,0.080649994,448.17,222415994880.0,0.060300004,0.03418,15628999680.0,70017998848.0,3.73,2026-04-30,0.059,4,5761750000.0,0.08981863146596737,5251000000.0,True,212490750000.0,0.02154779090738712,0.06734649032743005,0.06288466208971845,2059750000.0,0.03577624800964874,6000000.0,0.0028638999515699926
6382,6382.T,Trinity Industrial Corporation,トリニティ工業,スタンダード（内国株式）,機械,機械,Consumer Cyclical,Auto Parts,JPY,1302.0,2072.784,0.62814075,21010053120,7.807628,,0.08242,166.76,38960001024.0,0.0877,0.06899,10236000256.0,174000000.0,4.65,2026-04-30,0.057,4,1885699000.0,0.219456581593602,1267565000.0,True,35104753500.0,0.055901638193862624,0.0650536405870297,0.046729135616886595,-143715250.0,-0.0068403087407329696,281282000.0,-0.019654311648188094
6349,6349.T,Komori Corporation,小森コーポレーション,プライム（内国株式）,機械,機械,Industrials,Specialty Industrial Machinery,JPY,1516.0,2256.76,0.6717595,80443572224,9.35456,33.91499,0.08365,162.06,119576002560.0,0.114209995,0.08101,52144001024.0,9774000128.0,4.62,2026-04-30,0.039,4,5940750000.0,0.15736644208237313,4641000000.0,True,100216250000.0,0.08218160676154884,0.05310957946133246,0.041918628544589914,3815000000.0,0.047424547350742974,2702000000.0,-0.02686832061418709
2329,2329.T,Tohokushinsha Film Corporation,東北新社,スタンダード（内国株式）,情報・通信業,情報通信・サービスその他,Communication Services,Entertainment,JPY,602.0,628.042,0.95853466,82889744384,8.772952,,0.16194001,68.62,47584002048.0,0.09395,0.27787,49223999488.0,0.0,4.49,2026-04-30,0.039,4,4646250000.0,0.4689038387973953,3068000000.0,True,51796250000.0,-0.046841912273410835,0.06421487592456156,0.04151098391499059,3273000000.0,0.03948618763784943,,0.0006568852918229506
9031,9031.T,"Nishi-Nippon Railroad Co., Ltd.",西日本鉄道,プライム（内国株式）,陸運業,運輸・物流,Industrials,Railroads,JPY,2855.5,3550.275,0.8043039,215608918016,7.831656,14.368018,0.12707,364.61,470321004544.0,0.07959,0.06893,49782001664.0,356583014400.0,1.7,2026-04-30,0.036,4,18443500000.0,0.29510085650916784,9873000000.0,True,444236500000.0,0.012588651116359317,0.10109004291982919,0.0869694227879948,38047500000.0,0.17646533524729507,3749000000.0,-0.016468020831616914
9202,9202.T,ANA Holdings Inc.,ＡＮＡホールディングス,プライム（内国株式）,空運業,運輸・物流,Industrials,Airlines,JPY,2601.5,3088.879,0.84221494,1178749632512,9.170867,9.259984,0.12322,283.67,2436455989248.0,0.12094,0.06494,1229950025728.0,1188294033408.0,2.28,2026-04-30,0.026,4,63993250000.0,1.9194607269804136,-143628000000.0,False,1761398000000.0,0.3038939894400774,0.13777185041832848,0.10782517949373008,105102500000.0,0.08916439683295513,16000000.0,-0.0007963089301302739
7927,7927.T,Muto Seiko Co.,ムトー精工,スタンダード（内国株式）,化学,素材・化学,Technology,Electronic Components,JPY,1942.0,2921.368,0.6647571,13481094144,7.849002,,0.088520005,247.42,28746999808.0,0.08596,0.061329998,11294000128.0,6758000128.0,7.25,2026-04-30,0.021,4,1276355000.0,0.3658876655645815,521260000.0,True,25071550750.0,0.10881788502190326,0.0931573850611183,0.0831432574091908,481166500.0,0.03569194717137642,200267000.0,-0.01915187209880198
4569,4569.T,"KYORIN Pharmaceutical Co., Ltd.",杏林製薬,プライム（内国株式）,医薬品,医薬品,Healthcare,Drug Manufacturers - Specialty & Generic,JPY,1558.0,2417.367,0.6445029,89509699584,9.597142,14.838096,0.08006,162.34,133257003008.0,0.09616,0.080790006,17809000448.0,29383999488.0,3.66,2026-04-30,0.018,4,5804000000.0,0.33973918265217334,3932000000.0,True,117105750000.0,0.07221159564752244,0.049528598247882305,0.03778898814643533,-2806250000.0,-0.03135135089316758,,0.002563840076886814
6505,6505.T,Toyo Denki Seizo K.K.,東洋電機製造,スタンダード（内国株式）,電気機器,電機・精密,Industrials,Specialty Industrial Machinery,JPY,2496.0,3443.212,0.72490454,22507556864,10.365018,20.459017,0.094960004,240.81,40468000768.0,0.11287,0.067140006,4239000064.0,13461000192.0,3.0,2026-04-30,0.014,4,739250000.0,1.4757268993391772,-930000000.0,False,33465500000.0,0.10363000203038131,0.05063816276210256,0.03537011997510356,1021500000.0,0.0453847570472587,688000000.0,0.030184582510476066
3636,3636.T,"Mitsubishi Research Institute, Inc.",三菱総合研究所,プライム（内国株式）,情報・通信業,情報通信・サービスその他,Technology,Information Technology Services,JPY,4480.0,5027.026,0.891183,70601940992,7.077856,11.561291,0.12774,632.96,128592003072.0,0.14012,0.07757,16172000256.0,971000000.0,3.7,2026-04-30,0.005,4,6345750000.0,0.15076131624909778,5003000000.0,True,118891500000.0,0.013641453080228017,0.08803208067068595,0.07499063179195084,3930750000.0,0.05567481495226029,2918000000.0,-0.03084391929644059
9059,9059.T,"Kanda Holdings Co.,Ltd.",カンダホールディングス,スタンダード（内国株式）,陸運業,運輸・物流,Industrials,Trucking,JPY,870.0,1291.911,0.673421,18640291840,8.000736,8.51272,0.09033,108.74,52098998272.0,0.079840004,0.04607,15089000448.0,6377999872.0,2.67,2026-04-30,-0.001,4,2050250000.0,0.09774542792652462,1774000000.0,True,50599500000.0,0.02964391537702027,0.09022398013432877,0.0833392055997933,1762000000.0,0.09452641702845785,70000000.0,-0.0046490482816443635
6484,6484.T,KVK Corporation,ＫＶＫ,スタンダード（内国株式）,機械,機械,Consumer Cyclical,"Furnishings, Fixtures & Appliances",JPY,2425.0,3743.392,0.6478082,19467509760,8.237371,,0.08094,294.39,30545000448.0,0.087740004,0.07671,3724999936.0,0.0,3.31,2026-04-30,-0.007,4,1888592750.0,0.08808068942313838,1689505000.0,True,29287878000.0,0.019739142826332712,0.07564034230072349,0.07398519040551127,143988250.0,0.007396336345794645,294255000.0,0.009075828153566778
4471,4471.T,"Sanyo Chemical Industries, Ltd.",三洋化成工業,プライム（内国株式）,化学,素材・化学,Basic Materials,Specialty Chemicals,JPY,4995.0,6887.171,0.7252615,110497210368,8.104688,16.589172,0.09594,616.31,127749996544.0,0.09957,0.10425,31018999808.0,3576999936.0,3.36,2026-04-30,-0.017,4,2008250000.0,3.0548689867003054,-8501000000.0,False,159816750000.0,-0.043427369631597545,0.0032481777104610954,-0.05963458820145702,13979750000.0,0.12651676864458233,,0.0028478193018963704
7242,7242.T,KYB Corporation,カヤバ,プライム（内国株式）,輸送用機器,自動車・輸送機,Consumer Cyclical,Auto Parts,JPY,4490.0,5367.096,0.836579,193831731200,8.114507,7.2052126,0.13303,553.33,469482995712.0,0.06855,0.06463,50452000768.0,109362003968.0,3.34,2026-04-30,-0.019,4,20119000000.0,0.25091321477186407,14899000000.0,True,425165500000.0,0.04116032566292316,0.10274649324828987,0.06730543358450335,17322000000.0,0.08936617287974777,8789000000.0,-0.062265171826256904
5480,5480.T,"Nippon Yakin Kogyo Co., Ltd.",日本冶金工業,プライム（内国株式）,鉄鋼,鉄鋼・非鉄,Basic Materials,Steel,JPY,4540.0,7143.499,0.63554287,62897446912,6.769249,3.8080862,0.08234999,670.68,152593006592.0,0.06774,0.052210003,12506999808.0,78871003136.0,4.78,2026-04-30,-0.022,4,13329500000.0,0.30783132102907,8471000000.0,True,175171750000.0,0.04938591400311121,0.18762472490530538,0.12454153356350768,-1924250000.0,-0.030593451633930766,4451000000.0,-0.06633531625163669
9619,9619.T,"Ichinen Holdings Co.,Ltd.",イチネンホールディングス,プライム（内国株式）,サービス業,情報通信・サービスその他,Industrials,Rental & Leasing Services,JPY,2159.0,2938.594,0.7347051,51119550464,7.13271,8.787139,0.106639996,302.69,160010993664.0,0.06704,0.04481,14565999616.0,111658000384.0,3.71,2026-04-30,-0.03,4,7619750000.0,0.35439423455140306,5646000000.0,True,135409750000.0,0.08692752488705224,0.15338106461730266,0.10627733963408793,2287500000.0,0.04474804608485221,,-0.016527570078569864
9201,9201.T,"Japan Airlines Co., Ltd.",日本航空,プライム（内国株式）,空運業,運輸・物流,Industrials,Airlines,JPY,2454.0,2829.268,0.86736214,1054797201408,8.730921,9.8490925,0.12172,281.07,1998822965248.0,0.12669,0.064899996,915057999872.0,866647015424.0,3.89,2026-04-30,-0.035,4,14860750000.0,7.7025947015410665,-177552000000.0,False,1388571000000.0,0.39267116790834766,0.08895161096564941,0.042602090067969285,184436000000.0,0.1748544646817463,,-0.0010308267020588957
3903,3903.T,gumi Inc.,ｇｕｍｉ,プライム（内国株式）,情報・通信業,情報通信・サービスその他,Communication Services,Electronic Gaming & Multimedia,JPY,325.0,405.723,0.80103916,16575109120,5.686789,6.422925,0.112040006,57.15,8368859136.0,0.09826,0.28732002,4656000000.0,5266999808.0,,2026-04-30,-0.05,4,-2424616250.0,1.5364708953436326,-6273694000.0,False,13990262000.0,-0.2213397752889228,-0.0709800079765646,-0.38594169002045925,-3804682750.0,-0.22954194282854892,999961000.0,0.6966274088963109
4028,4028.T,"Ishihara Sangyo Kaisha,Ltd.",石原産業,プライム（内国株式）,化学,素材・化学,Basic Materials,Specialty Chemicals,JPY,3005.0,3157.078,0.95182955,114956935168,8.6172285,12.243817,0.14339,348.72,147846004736.0,0.117580004,0.109689996,34958000128.0,71380000768.0,3.95,2026-04-30,-0.059,4,8758750000.0,0.20255674963734607,6947000000.0,True,131461250000.0,0.09379497739215892,0.07608044319044109,0.07339711250455629,6500000000.0,0.056542913139609983,,-0.04242552480990425
6357,6357.T,"Sansei Technologies, Inc.",三精テクノロジーズ,スタンダード（内国株式）,機械,機械,Industrials,Specialty Industrial Machinery,JPY,2128.0,2610.281,0.8152379,38685806592,10.2598715,,0.1232,207.41,70897999872.0,0.06865,0.07851,26038999040.0,17198000128.0,2.77,2026-04-30,-0.063,4,2055071250.0,0.28532913995512277,1448739000.0,True,47314180000.0,0.21600659530740218,0.057280692829756306,0.04931934346445028,4019565500.0,0.10390284846306456,6374000.0,0.0103063484906194
6489,6489.T,"Maezawa Industries, Inc.",前澤工業,スタンダード（内国株式）,機械,機械,Industrials,Pollution & Treatment Controls,JPY,1807.0,1858.201,0.9724459,31814533120,9.528581,29.334415,0.11212,189.64,38980001792.0,0.23034,0.08889,5948000256.0,6457999872.0,2.58,2026-04-30,-0.086,4,2845000000.0,0.18135635015323137,2142000000.0,True,34320500000.0,0.06661171198341753,0.11791659757785139,0.10644848820314122,1908750000.0,0.05999616567687667,,-0.029185950844458852
6209,6209.T,NPR-Riken Corporation,リケンＮＰＲ,プライム（内国株式）,機械,機械,Consumer Cyclical,Auto Parts,JPY,3880.0,5649.571,0.68677783,104392638464,8.884615,,0.082159996,436.71,163909992448.0,0.086169995,0.07231,26599999488.0,15797000192.0,4.26,2026-04-30,-0.097,2,17540000000.0,0.5007981755986317,8756000000.0,False,154463000000.0,,0.061272974741342814,0.061272974741342814,11081500000.0,0.10615212109828488,4011000000.0,-0.04511006229573811
4992,4992.T,"Hokko Chemical Industry Co., Ltd.",北興化学工業,スタンダード（内国株式）,化学,素材・化学,Basic Materials,Agricultural Inputs,JPY,1711.0,2173.098,0.78735524,44110004224,10.06589,11.301189,0.09056,169.98,50014998528.0,0.14074,0.09538999,6975000064.0,1000000000.0,3.12,2026-04-30,-0.104,4,4099000000.0,0.06536040475313837,3724000000.0,True,46352750000.0,0.030706125672886886,0.08788220149194365,0.08618111803112932,3405750000.0,0.07721037573936461,-0.0,-0.04805545595969529
6995,6995.T,"Tokai Rika Co., Ltd.",東海理化電機製作所,プライム（内国株式）,輸送用機器,自動車・輸送機,Consumer Cyclical,Auto Parts,JPY,2885.0,4043.243,0.71353614,245538734080,6.8728113,11.170481,0.094,419.77,637863002112.0,0.05771,0.04961,107891998720.0,10000000000.0,3.46,2026-04-30,-0.131,4,16781750000.0,0.5927836449290027,3569000000.0,True,570411250000.0,0.0822230941667903,0.07038217773520489,0.03992037898723097,8949000000.0,0.036446388116851205,14756000000.0,-0.06854437602069119
4619,4619.T,"Nihon Tokushu Toryo Co., Ltd.",日本特殊塗料,スタンダード（内国株式）,化学,素材・化学,Consumer Cyclical,Auto Parts,JPY,2054.0,2728.238,0.75286686,44323909632,8.238739,14.126548,0.1003,249.31,62763999232.0,0.069510005,0.09193,14627000320.0,3664999936.0,5.8,2026-04-30,-0.132,4,3073000000.0,0.469925093008068,1300000000.0,True,61567500000.0,0.0644080649069243,0.07164134158831313,0.046496716708306615,4120750000.0,0.09296901004926225,-0.0,0.0014538607096652445
4540,4540.T,Tsumura & Co.,ツムラ,プライム（内国株式）,医薬品,医薬品,Healthcare,Drug Manufacturers - Specialty & Generic,JPY,3653.0,4095.96,0.8918544,272312565760,10.053944,8.746558,0.09264,363.34,189496000512.0,0.21243,0.1531,69477998592.0,135405002752.0,3.89,2026-04-30,-0.132,4,21113250000.0,0.312450022131712,16482000000.0,True,150381750000.0,0.11813064848355737,0.08148367955665382,0.06390791934910088,512750000.0,0.0018829465271606568,2677000000.0,-0.010061149409386294
9845,9845.T,Parker Corporation,パーカーコーポレーション,スタンダード（内国株式）,化学,素材・化学,Industrials,Industrial Distribution,JPY,1393.0,1932.72,0.7207459,34864640000,8.841077,,0.08737001,157.56,72078999552.0,0.08442,0.05566,24034000896.0,4922999808.0,2.35,2026-04-30,-0.136,4,2603000000.0,0.28659046222566736,1521000000.0,True,61128000000.0,0.11892018713495678,0.0758192780219218,0.06459838504037399,2966750000.0,0.0850933782766723,231000000.0,-0.007577084117547872
6932,6932.T,ENDO Lighting Corporation,遠藤照明,スタンダード（内国株式）,電気機器,電機・精密,Consumer Cyclical,"Furnishings, Fixtures & Appliances",JPY,2790.0,3169.694,0.8802111,41204445184,8.0183935,9.587629,0.121020004,347.95,54388998144.0,0.10582,0.098570004,23164999680.0,16494000128.0,2.98,2026-04-30,-0.137,4,3935000000.0,0.20366256444033895,2962000000.0,True,47954000000.0,0.09753978025518673,0.11597446859977951,0.09910497699707235,2027250000.0,0.049199788783643096,,-1.3264465491769073e-05
7722,7722.T,"Kokusai Co., Ltd.",国際計測器,スタンダード（内国株式）,精密機器,電機・精密,Industrials,Specialty Industrial Machinery,JPY,807.0,902.022,0.8946567,10873652224,6.9157596,17.620089,0.11214,116.69,14138999808.0,0.14693,0.091309994,8441999872.0,2836000000.0,4.27,2026-04-30,-0.14,4,272717250.0,1.7232967321168935,-258156000.0,False,11152290250.0,0.05868325656431206,0.01863997591727116,-0.02372447059543591,398958750.0,0.03669040923705746,327076000.0,-0.015346204064763835
256A,256A.T,TOBISHIMA HOLDINGS Inc.,飛島ホールディングス,プライム（内国株式）,建設業,建設・資材,Industrials,Engineering & Construction,JPY,2000.0,2755.239,0.72588986,38306156544,10.286479,,0.09454001,194.43,138879991808.0,0.059169997,0.03504,14232999936.0,46077001728.0,4.88,2026-04-30,-0.153,4,3345750000.0,0.07566773856155215,3038000000.0,True,128478000000.0,0.055236814937917655,0.07164802918373857,0.06782612578419772,-3162500000.0,-0.08255853067293308,,0.001060564462015412
8095,8095.T,"Astena Holdings Co., Ltd.",アステナホールディングス,プライム（内国株式）,卸売業,商社・卸売,Industrials,Conglomerates,JPY,481.0,683.025,0.7042202,19403384832,8.867993,,0.0854,54.24,64967000064.0,0.06964,0.03491,8465999872.0,21942999040.0,3.73,2026-04-30,-0.158,4,351087000.0,5.00552418000089,-2525000000.0,False,55589359500.0,0.08124747688666134,0.01048586453644089,-0.09424405111020985,-1106238250.0,-0.057012642875360356,315885000.0,0.024837897299077927
6365,6365.T,DMW Corporation,電業社機械製作所,スタンダード（内国株式）,機械,機械,Industrials,Specialty Industrial Machinery,JPY,5590.0,6925.271,0.80718863,23168067584,7.8138103,,0.10009,715.4,29888000000.0,0.10526,0.09184,6064000000.0,0.0,3.42,2026-04-30,-0.164,4,1981000000.0,0.13219043017674834,1750000000.0,True,24716750000.0,0.07154814129585985,0.08004649933759274,0.06990213700818854,379500000.0,0.016380304426515262,365000000.0,-0.021224928535991894
3023,3023.T,Rasa Corporation,ラサ商事,スタンダード（内国株式）,卸売業,商社・卸売,Basic Materials,Other Industrial Metals & Mining,JPY,1800.0,2122.227,0.84816563,18972164096,8.936994,,0.10543,201.41,28305999872.0,0.118540004,0.081750005,4871000064.0,3518000128.0,3.94,2026-04-30,-0.174,4,2051000000.0,0.02317610834500269,1997000000.0,True,28867250000.0,-0.05346333096248512,0.09994802919505348,0.09600554144539368,1693250000.0,0.08924917534088779,1461000000.0,-0.07626916015688501
1379,1379.T,Hokuto Corporation,ホクト,プライム（内国株式）,水産・農林業,食品,Consumer Defensive,Farm Products,JPY,1825.0,1981.453,0.92104125,57120792576,10.364018,,0.107080005,176.09,85207998464.0,0.16868,0.07396,23503998976.0,30991998976.0,2.99,2026-04-30,-0.192,4,2114750000.0,1.17766500159313,-2037000000.0,False,76610500000.0,0.054208647122629294,0.03586103239891142,-0.038629661587476175,3819000000.0,0.06685831599620695,931000000.0,-0.006473428339188514
5356,5356.T,"Mino Ceramic Co., Ltd.",美濃窯業,スタンダード（内国株式）,ガラス・土石製品,建設・資材,Basic Materials,Building Materials,JPY,1173.0,1489.744,0.7873836,12034774016,9.464256,,0.091639996,123.94,15674000384.0,0.10074,0.08568,3576000000.0,1440000000.0,3.57,2026-04-30,-0.212,4,1006103750.0,0.1973570657614395,680082000.0,True,14059527500.0,0.06660526634100616,0.08567871482752303,0.08096383488861666,772583500.0,0.06419592914439981,12000.0,0.0005447624176369015
4202,4202.T,Daicel Corporation,ダイセル,プライム（内国株式）,化学,素材・化学,Basic Materials,Specialty Chemicals,JPY,1228.5,1482.942,0.8284208,313751306240,9.025788,5.630672,0.10627,136.11,578810019840.0,0.08343001,0.07108,75847999488.0,317903011840.0,4.84,2026-04-30,-0.221,4,44312500000.0,0.20901989896659268,31254000000.0,True,537637500000.0,0.07820463592631621,0.15052431287500495,0.13755410563421394,-242250000.0,-0.00077210833925483,44983000000.0,-0.10341297655913939
9906,9906.T,Fujii Sangyo Corporation,藤井産業,スタンダード（内国株式）,卸売業,商社・卸売,Industrials,Specialty Industrial Machinery,JPY,4255.0,4721.066,0.9012795,35982680064,7.3355746,,0.13377,580.05,103913996288.0,0.05071,0.050100002,20208001024.0,1192999936.0,3.12,2026-04-30,-0.227,4,3230439000.0,0.21405725851293872,2397190000.0,True,86200904500.0,0.08648748577821563,0.1060442824289858,0.09195436554613517,2237101250.0,0.06217161273204266,455000.0,-0.0009937389249852213
7971,7971.T,TOLI Corporation,東リ,スタンダード（内国株式）,化学,素材・化学,Industrials,Building Products & Equipment,JPY,643.0,860.57,0.7471792,36487028736,9.635845,,0.09086,66.73,112483000320.0,0.0591,0.03853,9182999552.0,10480000000.0,5.22,2026-04-30,-0.243,4,2619500000.0,0.44938632142373547,720000000.0,True,97980500000.0,0.06096641037364292,0.07531829867239002,0.065171769075207,-5250000.0,-0.00014388675049388378,1028000000.0,-0.03461680873054762
3932,3932.T,Akatsuki Inc.,アカツキ,プライム（内国株式）,情報・通信業,情報通信・サービスその他,Communication Services,Electronic Gaming & Multimedia,JPY,2742.0,2986.562,0.9181125,39545860096,18.936464,13.179524,0.090579994,144.8,23988000768.0,0.20358999,0.15695,33265999872.0,10062999552.0,3.99,2026-04-30,-0.245,4,2367250000.0,0.6915811981912283,1288000000.0,True,24558250000.0,-0.03442487685977802,0.03594680742634417,0.03263899447569814,2873000000.0,0.07264982966676199,6487000000.0,0.0667305787090191
4465,4465.T,"Niitaka Co., Ltd.",ニイタカ,スタンダード（内国株式）,化学,素材・化学,Consumer Defensive,Household & Personal Products,JPY,2281.0,2686.323,0.8491161,13523911680,6.3888187,12.945517,0.10569,357.03,24131000320.0,0.09255,0.066589996,7506999808.0,1538000000.0,3.31,2026-04-30,-0.252,4,1076106750.0,0.45474853471600374,561584000.0,True,20937654750.0,0.10051274735789839,0.07544506563985047,0.04423719310163706,896684000.0,0.06630359774724587,,-3.3878437390999494e-06
1716,1716.T,Dai-Ichi Cutter Kogyo k.k.,第一カッター興業,スタンダード（内国株式）,建設業,建設・資材,Industrials,Engineering & Construction,JPY,1431.0,1756.889,0.8145079,16102823936,9.420671,5.989954,0.08911,151.9,20347000832.0,0.11812,0.08399,9733999616.0,288000000.0,2.8,2026-04-30,-0.254,4,1706971750.0,0.15729462776200767,1327762000.0,True,21065112500.0,-0.011599345902621128,0.1025103558166297,0.07101460379196639,1324168000.0,0.08223203614861904,,-0.009529940448768648
5184,5184.T,"Nichirin Co., Ltd.",ニチリン,スタンダード（内国株式）,ゴム製品,自動車・輸送機,Consumer Cyclical,Auto Parts,JPY,3955.0,4574.491,0.864577,52183273472,9.454937,10.709451,0.10398,418.3,73668001792.0,0.11068,0.07485,23619000320.0,2131000064.0,4.81,2026-04-30,-0.254,4,5544500000.0,0.10914415634397494,4578000000.0,True,69956750000.0,0.04707494627195752,0.1097658408414664,0.09415179714846751,5416250000.0,0.10379283704588213,2527000000.0,-0.05704307866577807
4251,4251.T,KEIWA Incorporated,恵和,プライム（内国株式）,化学,素材・化学,Technology,Electronic Components,JPY,1194.0,1290.258,0.92539626,22083665920,9.779671,8.081219,0.09688,122.09,20472999936.0,0.18552,0.11078,9379000320.0,2155000064.0,4.18,2026-04-30,-0.254,4,2975897000.0,0.3784321955468935,1983094000.0,True,20069145500.0,-0.010042980801124757,0.1089274179068338,0.09691544469363228,1481583750.0,0.06708957450122484,958102000.0,0.9209350463212995
5101,5101.T,"The Yokohama Rubber Company, Limited",横浜ゴム,プライム（内国株式）,ゴム製品,自動車・輸送機,Consumer Cyclical,Auto Parts,JPY,6353.0,6536.662,0.9719028,1001885597696,9.504361,12.172131,0.10985,668.43,1234958942208.0,0.18125,0.08535,107391000576.0,535770005504.0,2.66,2026-04-30,-0.254,4,73367250000.0,0.2906955726717803,45918000000.0,True,1043878750000.0,0.12798785686508762,0.10018439585404237,0.09172616948754114,31351500000.0,0.0312924949436322,9932000000.0,-0.0181310433731936
6161,6161.T,Estic Corporation,エスティック,スタンダード（内国株式）,機械,機械,Industrials,Specialty Industrial Machinery,JPY,1012.0,1065.825,0.94949925,10087479296,8.8153305,9.1236925,0.10271,114.8,7378999808.0,0.18417999,0.13931,2873999872.0,0.0,5.91,2026-04-30,-0.261,4,1053770500.0,0.13247896813036558,820228000.0,True,6870557250.0,0.11054895799039888,0.13001190013342165,0.12040628939115428,739176000.0,0.07327658162263652,269000.0,0.003222384312524529
9104,9104.T,"Mitsui O.S.K. Lines, Ltd.",商船三井,プライム（内国株式）,海運業,運輸・物流,Industrials,Marine Shipping,JPY,5935.0,7870.372,0.75409395,2038500425728,7.096821,10.547924,0.08866,836.29,1802240000000.0,0.065,0.13097,205562003456.0,2372806901760.0,3.35,2026-04-30,-0.265,4,548005500000.0,0.39180150847309403,261651000000.0,True,1571169000000.0,0.11836065291151376,0.2628089552708845,0.12226487990377723,383065750000.0,0.18791546234933826,70515000000.0,-0.03152192084471428
1810,1810.T,"Matsui Construction Co., Ltd.",松井建設,スタンダード（内国株式）,建設業,建設・資材,Industrials,Engineering & Construction,JPY,1519.0,1927.887,0.78790927,43323187200,10.535442,,0.09219,144.18,97948999680.0,0.079619996,0.04879,5872999936.0,0.0,4.65,2026-04-30,-0.271,4,1845250000.0,0.30503535657442143,1161000000.0,True,91838000000.0,0.06369700120806865,0.03996708149080914,0.02529714889583719,-1561500000.0,-0.03604305456086112,,-0.029431992897438253
9639,9639.T,"Sankyo Frontier Co.,Ltd.",三協フロンテア,スタンダード（内国株式）,サービス業,情報通信・サービスその他,Real Estate,Real Estate - Diversified,JPY,2153.0,2271.491,0.9478356,47850536960,9.3328705,,0.10864,230.69,53487001600.0,0.15507,0.09894,4092000000.0,4100000000.0,4.17,2026-04-30,-0.284,4,5369750000.0,0.13356909711878698,4337000000.0,True,52952500000.0,0.016872154287379093,0.1162362801716194,0.10851180944755805,3621500000.0,0.07568358121095575,-0.0,-7.85988086454692e-05
9991,9991.T,Gecoss Corporation,ジェコス,プライム（内国株式）,卸売業,商社・卸売,Industrials,Rental & Leasing Services,JPY,1611.0,2037.129,0.7908188,54204362752,9.783796,,0.08766,164.66,115285000192.0,0.08276,0.05134,8302000128.0,2816000000.0,3.79,2026-04-30,-0.315,4,3938000000.0,0.1429705956690494,3326000000.0,True,118565500000.0,-0.007206974761179485,0.06704103851660248,0.05784287257019438,2551750000.0,0.04707646894909482,2436000000.0,-0.07561709132515027
5013,5013.T,Yushiro Inc.,ユシロ,スタンダード（内国株式）,石油・石炭製品,エネルギー資源,Basic Materials,Chemicals,JPY,3315.0,3535.896,0.9375276,43175952384,9.349353,,0.1148,354.57,52343001088.0,0.11396,0.096140005,11628999680.0,6227999744.0,4.07,2026-04-30,-0.319,4,2124000000.0,0.7633347791093533,273000000.0,True,48244250000.0,0.13780789669836047,0.07027043777154279,0.027177942890001968,1713500000.0,0.03968644361936491,205000000.0,-0.0069937602606022775
9768,9768.T,"IDEA Consultants,Inc.",いであ,スタンダード（内国株式）,サービス業,情報通信・サービスその他,Industrials,Engineering & Construction,JPY,3620.0,4301.749,0.84151816,25843019776,10.849367,,0.08012,333.66,24615999488.0,0.13859999,0.09673,2924999936.0,320000000.0,3.19,2026-04-30,-0.351,4,2223981250.0,0.07399566466160878,1989553000.0,True,23665187500.0,0.022374392549903588,0.0812694814112132,0.07769830592524891,778371000.0,0.030119196856509035,933000.0,-4.16009910280124e-05
4809,4809.T,Paraca Inc.,パラカ,プライム（内国株式）,不動産業,不動産,Industrials,Specialty Business Services,JPY,2021.0,2046.386,0.9875947,20499908608,10.025299,,0.1021,201.59,17856999424.0,0.18719,0.11446,3560999936.0,27068000256.0,3.46,2026-04-30,-0.354,4,1768500000.0,0.13267177151048462,1395000000.0,True,15439500000.0,0.10762514453138428,0.10075791567476584,0.09691958927857047,-1140500000.0,-0.055634394367735124,,0.014449592642920006
7931,7931.T,"Mirai Industry Co.,Ltd.",未来工業,プライム（内国株式）,化学,素材・化学,Industrials,Electrical Equipment & Parts,JPY,2985.0,3344.328,0.892556,48242917376,10.270437,10.240137,0.08715,290.64,45673000960.0,0.15682,0.102819994,23241000960.0,178000000.0,3.35,2026-04-30,-0.355,4,3805500000.0,0.3089326854603719,2531000000.0,True,41419250000.0,0.069232537762288,0.08452369447811865,0.05673670815357398,3285000000.0,0.06809289691991616,4658000000.0,-0.061016446753465514
8604,8604.T,"Nomura Holdings, Inc.",野村ホールディングス,プライム（内国株式）,証券、商品先物取引業,金融（除く銀行）,Financial Services,Capital Markets,JPY,1256.5,1277.986,0.9831876,3627550244864,10.559711,13.815284,0.1007,118.99,2167713038336.0,0.18655,0.16705999,48617301737472.0,35363905077248.0,3.77,2026-04-30,-0.358,4,185595250000.0,0.5031881412345224,92786000000.0,True,1332269750000.0,0.13275691084363017,0.06051929853936543,0.030606421853115826,-680468500000.0,-0.1875834803290261,184413000000.0,-0.02040988969299573
9110,9110.T,"NS United Kaiun Kaisha, Ltd.",ＮＳユナイテッド海運,プライム（内国株式）,海運業,運輸・物流,Industrials,Marine Shipping,JPY,7600.0,7613.526,0.9982234,179098255360,8.728609,,0.13108,870.7,229281005568.0,0.097629994,0.09679,67036999680.0,75575001088.0,3.81,2026-04-30,-0.358,4,21948000000.0,0.1785309568197973,17986000000.0,True,231818500000.0,0.08084347758016164,0.15352493583371282,0.11924232042571449,24527000000.0,0.13694717433566853,3000000.0,-4.387550744844315e-05
9830,9830.T,Trusco Nakayama Corporation,トラスコ中山,プライム（内国株式）,卸売業,商社・卸売,Industrials,Industrial Distribution,JPY,2163.0,2824.537,0.7657892,142628995072,8.9784565,9.084418,0.08101,240.91,218986004480.0,0.06885,0.04453,47594000384.0,80000000000.0,2.53,2026-04-30,-0.36,4,13717500000.0,0.17093226663690222,10626000000.0,True,282418500000.0,0.0909999764640852,0.0876843342876638,0.07871242184417276,-3370500000.0,-0.023631239905312035,3000000.0,-2.9237687798167045e-05
5911,5911.T,Yokogawa Bridge Holdings Corp.,横河ブリッジホールディングス,プライム（内国株式）,金属製品,建設・資材,Industrials,Engineering & Construction,JPY,2941.0,3351.769,0.87744707,115747528704,9.639147,9.081926,0.093760006,305.11,149612003328.0,0.11509,0.080520004,23075000320.0,28500000768.0,3.94,2026-04-30,-0.375,4,11749750000.0,0.0601443827423206,11043000000.0,True,156335750000.0,0.05188060516637716,0.10067500894622783,0.0993196594946042,-2358500000.0,-0.020376244973932606,5089000000.0,-0.03245417294109976
2927,2927.T,"AFC-HD AMS Life Science Co., Ltd.",ＡＦＣ－ＨＤアムスライフサイエンス,スタンダード（内国株式）,食料品,食品,Consumer Defensive,Packaged Foods,JPY,863.0,1101.06,0.7837901,12564938752,8.983969,,0.08692,96.06,32886999040.0,0.05784,0.0416,11091000320.0,23761999872.0,4.15,2026-04-30,-0.379,4,1134632000.0,0.23015733193604923,735353000.0,True,27861085500.0,0.12352910552802521,0.0929256550780531,0.08631336521513365,-1039650750.0,-0.0827422059526168,381689000.0,0.003989995087318565
2475,2475.T,"WDB Holdings Co., Ltd.",ＷＤＢホールディングス,プライム（内国株式）,サービス業,情報通信・サービスその他,Industrials,Staffing & Employment Services,JPY,1490.0,1680.734,0.8865174,28582619136,9.123753,8.361392,0.09974,163.31,50420625408.0,0.09588,0.06058,16692161536.0,0.0,4.16,2026-04-30,-0.395,4,3577791500.0,0.11108578728101072,3051142000.0,True,48728256250.0,0.029423450466897094,0.1186419181183445,0.0985214319751425,1477608750.0,0.05169605846718721,259097000.0,-0.005074589391814266
6287,6287.T,Sato Corporation,サトー,プライム（内国株式）,機械,機械,Industrials,Business Equipment & Supplies,JPY,2086.0,2609.016,0.7995351,67722223616,9.438487,8.899318,0.08141,221.01,160350994432.0,0.08206,0.04156,29258999808.0,17795000320.0,3.59,2026-04-30,-0.401,4,4673500000.0,0.3097044236085551,3565000000.0,True,141465000000.0,0.07451312322159964,0.07130465543989616,0.05212979074970389,1443250000.0,0.021311320316112877,2502000000.0,-0.03593128930086387
9857,9857.T,Eiwa Corporation,英和,スタンダード（内国株式）,卸売業,商社・卸売,Industrials,Electrical Equipment & Parts,JPY,2655.0,2842.967,0.9338835,16802512896,8.848526,,0.11726,300.05,48591998976.0,0.07507,0.04157,6867999744.0,206000000.0,3.01,2026-04-30,-0.402,4,1502550750.0,0.2242129094609341,1067123000.0,True,42272758000.0,0.08038690989391917,0.11014583298882825,0.09877173561789485,504223750.0,0.030008829817356385,383000.0,-2.828336263582809e-05
3176,3176.T,"Sanyo Trading Co., Ltd.",三洋貿易,プライム（内国株式）,卸売業,商社・卸売,Industrials,Industrial Distribution,JPY,1556.0,1831.957,0.8493649,44828626944,9.760993,7.398602,0.10125,159.41,132562796544.0,0.05582,0.039049998,11512000512.0,3801999872.0,3.66,2026-04-30,-0.406,4,4726110750.0,0.06947088556416098,4296933000.0,True,123435800750.0,0.06053987183289267,0.1077484616371377,0.093118885285231,3231100000.0,0.07207671125052069,,0.0030144214573750716
6466,6466.T,"TVE Co., Ltd.",ＴＶＥ,スタンダード（内国株式）,機械,機械,Industrials,Specialty Industrial Machinery,JPY,4610.0,5211.708,0.8845469,10814068736,18.094751,,0.08447,254.77,10780000256.0,0.14023,0.09072,2172999936.0,102000000.0,0.82,2026-04-30,-0.411,4,423546000.0,0.7020652848348048,-60488000.0,False,9828742500.0,0.06149924547026231,0.055316624285680904,0.04516492535842173,-553728750.0,-0.051204478491674345,260000.0,0.005090715592148021
7723,7723.T,"Aichi Tokei Denki Co., Ltd.",愛知時計電機,プライム（内国株式）,精密機器,電機・精密,Technology,Scientific & Technical Instruments,JPY,2891.0,3232.121,0.89445907,44352716800,11.382786,11.531712,0.09204,253.98,56954998784.0,0.121520005,0.07682,8207000064.0,700000000.0,3.84,2026-04-30,-0.416,4,3238500000.0,0.09017379157536577,2789000000.0,True,50538500000.0,0.053087758220789594,0.08284208728520646,0.07689419175095391,1089000000.0,0.02455317460958784,214000000.0,0.0030895337463319184
6322,6322.T,Tacmina Corporation,タクミナ,スタンダード（内国株式）,機械,機械,Industrials,Specialty Industrial Machinery,JPY,1562.0,1586.312,0.98467386,10785076224,8.885603,,0.11094,175.79,11255000064.0,0.12911001,0.10298,3137999872.0,400000000.0,3.2,2026-04-30,-0.431,4,1088410000.0,0.12345459061656498,880311000.0,True,10139011750.0,0.0862084068175768,0.12326441439431617,0.11982054062895814,608450000.0,0.05641592023670801,615069000.0,-0.044806862906837
6340,6340.T,Shibuya Corporation,澁谷工業,プライム（内国株式）,機械,機械,Industrials,Specialty Industrial Machinery,JPY,3430.0,4032.528,0.850583,94895316992,10.574996,8.252135,0.08295,324.35,129572003840.0,0.10944,0.06927,37576998912.0,3241999872.0,2.77,2026-04-30,-0.432,4,8755750000.0,0.18925796269641748,5928000000.0,True,109629000000.0,0.10269654890097413,0.08868482666950368,0.0675209294378951,4148250000.0,0.04371395903919802,,-2.9927149078345927e-05
6392,6392.T,Yamada Corporation,ヤマダコーポレーション,スタンダード（内国株式）,機械,機械,Industrials,Specialty Industrial Machinery,JPY,6800.0,7285.929,0.9333058,16277404672,9.578545,,0.08901,709.92,15422000128.0,0.15776,0.098170005,4048000000.0,731000000.0,3.09,2026-04-30,-0.436,4,1546885000.0,0.17366679691250067,1167256000.0,True,13825711750.0,0.062264469736660555,0.11683459088517717,0.10068446608159869,506248000.0,0.03110127260464536,,-0.0005231732776618259
9428,9428.T,Crops Corporation,クロップス,スタンダード（内国株式）,情報・通信業,情報通信・サービスその他,Communication Services,Telecom Services,JPY,1334.0,1354.469,0.98488784,12614445056,14.640035,,0.13095,91.12,64951001088.0,0.059609998,0.01926,9795999744.0,2566000128.0,1.86,2026-04-30,-0.439,4,1212250000.0,0.1431589876430344,991000000.0,True,52438250000.0,0.10754514323742526,0.10379980273880525,0.08383030918242186,1426000000.0,0.11304500464899404,1213000000.0,0.04645599450661031
6395,6395.T,Tadano Ltd.,タダノ,プライム（内国株式）,機械,機械,Industrials,Farm & Heavy Construction Machinery,JPY,1379.0,1629.201,0.84642714,174246789120,9.52348,14.751818,0.09292,144.8,349477011456.0,0.06926,0.052360002,81842003968.0,146015993856.0,2.43,2026-04-30,-0.442,4,11452250000.0,0.40545024638599897,6642000000.0,True,281726000000.0,0.19331624245372891,0.058118747009295924,0.035920760165921245,332750000.0,0.0019096478143470538,1586000000.0,-0.0032893087880431215
8706,8706.T,"Kyokuto Securities Co., Ltd.",極東証券,プライム（内国株式）,証券、商品先物取引業,金融（除く銀行）,Financial Services,Capital Markets,JPY,1554.0,1670.872,0.9300533,48948379648,10.331073,,0.09201,150.42,8190000128.0,0.14123,0.58486,44726001664.0,13400000512.0,6.96,2026-04-30,-0.447,4,3018000000.0,0.4692898868076954,1168000000.0,True,9206250000.0,0.1373521243755571,0.06516123302573522,0.025014723992075816,-1339000000.0,-0.027355348831341973,-0.0,-2.0030092157230506e-05
9955,9955.T,"The Yonkyu Co.,Ltd.",ヨンキュウ,スタンダード（内国株式）,卸売業,商社・卸売,Consumer Defensive,Farm Products,JPY,2780.0,3278.815,0.8478673,34069000192,10.171972,,0.09362,273.3,44835000320.0,0.06099,0.081099994,25764999168.0,6992999936.0,0.62,2026-04-30,-0.464,4,1838611750.0,0.18541808847171942,1415355000.0,True,41366525750.0,0.084285288053634,0.05065753496876826,0.037257433994675127,140502000.0,0.004124042361330942,1519000.0,0.002967867112168898
5076,5076.T,INFRONEER Holdings Inc.,インフロニア・ホールディングス,プライム（内国株式）,建設業,建設・資材,Industrials,Engineering & Construction,JPY,2132.0,2279.085,0.93546313,538526318592,12.957336,22.678438,0.113809995,164.54,1011766001664.0,0.06445,0.0625,198938001408.0,641924988928.0,4.28,2026-04-30,-0.472,4,31290750000.0,0.08590913616193026,26689000000.0,True,758883500000.0,0.07464870518147415,0.08327997493733828,0.07054148686378069,4536000000.0,0.008422986664532135,40052000000.0,-0.0933719024285129
7520,7520.T,"Eco's Co.,Ltd.",エコス,プライム（内国株式）,小売業,小売,Consumer Defensive,Food Distribution,JPY,2222.0,2601.62,0.8540832,24963993600,9.43164,,0.09431,235.59,134198001664.0,0.056789998,0.019709999,10149999616.0,9927000064.0,3.11,2026-04-30,-0.485,4,3304250000.0,0.3019389897775161,1610000000.0,True,131903000000.0,-0.0011540047635270057,0.13707472205366822,0.08130081300813008,5523500000.0,0.2212586691257604,1415000000.0,-0.013605115540327728
8439,8439.T,Tokyo Century Corporation,東京センチュリー,プライム（内国株式）,その他金融業,金融（除く銀行）,Industrials,Rental & Leasing Services,JPY,2151.0,2171.793,0.9904259,1051326939136,7.8124437,11.747037,0.12068,275.33,1396913995776.0,0.08325,0.09245,673177010176.0,5083251081216.0,3.3,2026-04-30,-0.485,4,53117500000.0,0.5758185975320949,4765000000.0,True,1329421500000.0,0.023108394448374314,0.061383510785659214,0.006622240443613672,17645750000.0,0.016784265049368568,3085000000.0,-0.0018827670729237855
6730,6730.T,AXELL Corporation,アクセル,スタンダード（内国株式）,電気機器,電機・精密,Technology,Semiconductors,JPY,1152.0,1276.684,0.9023377,12407140352,10.977701,,0.094280005,104.94,14341000192.0,0.09722,0.08723,4576999936.0,0.0,4.2,2026-04-30,-0.486,4,1241750000.0,0.2858547380708908,865000000.0,True,14488500000.0,0.12641680284749568,0.11439639243132325,0.07612968512824504,555750000.0,0.044792755158154916,-0.0,0.012543413648120616
2001,2001.T,Nippn Corporation,ニップン,プライム（内国株式）,食料品,食品,Consumer Defensive,Packaged Foods,JPY,2641.0,3268.967,0.8079005,218714537984,11.61645,11.437852,0.08039,227.35,415811010560.0,0.06313,0.05013,41408000000.0,59015000064.0,2.48,2026-04-30,-0.489,4,17677750000.0,0.4475485290240604,9327000000.0,True,374558500000.0,0.08540810823309064,0.09674068789278285,0.056493753200486746,17455000000.0,0.07980722342872752,451000000.0,0.016271849453189935
6804,6804.T,Hosiden Corporation,ホシデン,プライム（内国株式）,電気機器,電機・精密,Industrials,Electrical Equipment & Parts,JPY,2780.0,2974.568,0.93458945,136867414016,39.759727,11.227786,0.111049995,69.92,442829996032.0,0.06678,0.03562,68622000128.0,10168999936.0,1.85,2026-04-30,-0.49,4,11551750000.0,0.08213206120433322,10037000000.0,True,237833250000.0,0.060437870057004295,0.08816397862125012,0.0729472900049058,2972750000.0,0.021719925238395176,10592000000.0,-0.07401135079695265
1381,1381.T,"AXYZ Co., Ltd.",アクシーズ,スタンダード（内国株式）,水産・農林業,食品,Consumer Defensive,Farm Products,JPY,3805.0,3992.934,0.9529333,21367623680,9.546868,,0.10371,398.56,28039999488.0,0.1065,0.07974,8480999936.0,48000000.0,2.97,2026-04-30,-0.491,4,1578000000.0,0.1725441555676848,1239000000.0,True,24522000000.0,0.06747377699907098,0.07190709149356338,0.061229028193027106,465000000.0,0.02176189579916825,-0.0,-4.80791318402396e-06
6371,6371.T,Tsubakimoto Chain Co.,椿本チエイン,プライム（内国株式）,機械,機械,Industrials,Specialty Industrial Machinery,JPY,2351.0,2706.237,0.86873394,229166792704,10.847097,11.935222,0.087510005,216.74,281984008192.0,0.08719,0.08136,67101999104.0,28483000320.0,3.43,2026-04-30,-0.499,4,17239500000.0,0.19469409171497562,13742000000.0,True,253364500000.0,0.08951038922970489,0.0752751670080654,0.06359814046479124,25557250000.0,0.11152248411928797,14567000000.0,-0.07645535378408597
5463,5463.T,Maruichi Steel Tube Ltd.,丸一鋼管,プライム（内国株式）,鉄鋼,鉄鋼・非鉄,Basic Materials,Steel,JPY,1451.5,1524.604,0.9520505,320999489536,11.278167,5.257153,0.09511,128.7,245971992576.0,0.13207,0.13329001,89702998016.0,3852999936.0,1.52,2026-04-30,-0.499,4,26267500000.0,0.0512959695651777,24164000000.0,True,257648250000.0,0.05280886927021511,0.07876374550928052,0.07818836010666913,12393500000.0,0.03860909566527542,20298000000.0,-0.03400543239064646
9045,9045.T,"Keihan Holdings Co., Ltd.",京阪ホールディングス,プライム（内国株式）,陸運業,運輸・物流,Industrials,Conglomerates,JPY,3244.0,3264.6,0.99368984,327327252480,11.62599,13.613665,0.09205,279.03,305289986048.0,0.17365,0.09477,17307000832.0,403042009088.0,2.93,2026-04-30,-0.51,4,20091500000.0,0.35740346429872516,9589000000.0,True,283470250000.0,0.06699157717410942,0.08297017582650806,0.06780854600868147,30860500000.0,0.09428026467758166,17648000000.0,-0.05202213778737197
9009,9009.T,"Keisei Electric Railway Co., Ltd.",京成電鉄,プライム（内国株式）,陸運業,運輸・物流,Industrials,Railroads,JPY,1112.0,1151.957,0.9653138,536240488448,7.4851913,3.3739913,0.09781,148.56,328700985344.0,0.1294,0.15713,44472999936.0,375697014784.0,1.55,2026-04-30,-0.513,4,45027250000.0,0.8017755662638109,-4438000000.0,False,270579500000.0,0.14242727168578195,0.14106345575350088,0.0704328130231001,44315750000.0,0.08264155906664135,65272000000.0,-0.05890890890949496
2121,2121.T,"MIXI, Inc.",ＭＩＸＩ,プライム（内国株式）,情報・通信業,情報通信・サービスその他,Communication Services,Electronic Gaming & Multimedia,JPY,2591.0,2683.313,0.9655974,168690810880,10.340424,13.381883,0.10026,250.57,160919994368.0,0.12154,0.11028,95890997248.0,45108998144.0,4.61,2026-04-30,-0.513,4,10026500000.0,0.4724875016738159,5161000000.0,True,142653000000.0,0.08262668654818506,0.05571141664973978,0.028142670963590657,9666750000.0,0.057304544032789936,22526000000.0,-0.0660243916390032
6863,6863.T,Nireco Corporation,ニレコ,スタンダード（内国株式）,電気機器,電機・精密,Technology,Scientific & Technical Instruments,JPY,2084.0,2289.024,0.91043174,14916515840,10.344485,12.294985,0.084350005,201.46,10832000000.0,0.122930005,0.12675,4027000064.0,612000000.0,4.73,2026-04-30,-0.529,4,960124750.0,0.43017682902616716,406151000.0,True,9472744000.0,0.0983873255317187,0.07444426495647012,0.06053259405842531,795180750.0,0.053308745723827156,138000.0,0.009372938158254573
8425,8425.T,"Mizuho Leasing Company, Limited",みずほリース,プライム（内国株式）,その他金融業,金融（除く銀行）,Financial Services,Credit Services,JPY,1427.0,1475.38,0.96720845,399826583552,8.839197,2.4921412,0.118240006,161.44,874337009664.0,0.05645,0.05369,72718999552.0,3529168912384.0,3.46,2026-04-30,-0.531,4,30139500000.0,0.33286708457345954,14902000000.0,True,609014750000.0,0.0782062647335866,0.12084620932899458,0.11778368581062865,-192960000000.0,-0.4826092309465069,,0.15716996524871285
7292,7292.T,Murakami Corporation,村上開明堂,スタンダード（内国株式）,輸送用機器,自動車・輸送機,Consumer Cyclical,Auto Parts,JPY,6790.0,7874.148,0.86231554,78663868416,11.747405,,0.08432999,578.0,115085000704.0,0.075050004,0.057239998,46796001280.0,0.0,3.09,2026-04-30,-0.551,4,5266250000.0,0.15937022301011183,3865000000.0,True,94511000000.0,0.1405948452383463,0.07227332234334292,0.06914565614492316,5490500000.0,0.06979697427241258,3469000000.0,-0.06561046217152855
6989,6989.T,"Hokuriku Electric Industry Co.,Ltd.",北陸電気工業,スタンダード（内国株式）,電気機器,電機・精密,Technology,Electronic Components,JPY,2757.0,3098.536,0.8897751,21630322688,8.915117,,0.08939,309.25,42976002048.0,0.08022001,0.04812,11832999936.0,9061000192.0,3.24,2026-04-30,-0.554,4,1832000000.0,0.39052176917261333,647000000.0,True,42475750000.0,0.022065252989162287,0.0926762393793474,0.03914450797108025,2090750000.0,0.09665828985343337,677000000.0,-0.0522135058983052
8242,8242.T,H2O Retailing Corporation,エイチ・ツー・オー　リテイリング,プライム（内国株式）,小売業,小売,Consumer Defensive,Grocery Stores,JPY,2311.0,2642.746,0.87446916,265772908544,20.0538,11.772797,0.0866,115.24,682736025600.0,0.07335,0.03857,77240999936.0,166710001664.0,1.88,2026-04-30,-0.564,4,20750250000.0,0.44256124426297383,9872000000.0,True,621423750000.0,0.0955751459494083,0.09115794705612802,0.06713480440871826,2477500000.0,0.009321868107523223,49861000000.0,-0.008063417905165404
7525,7525.T,Rix Corporation,リックス,プライム（内国株式）,卸売業,商社・卸売,Industrials,Specialty Industrial Machinery,JPY,3330.0,3366.866,0.9890504,26992783360,9.281971,,0.11415,358.76,54696267776.0,0.07714,0.05687,8397986816.0,2290179072.0,4.59,2026-04-30,-0.565,4,2609269250.0,0.12382570129757538,2051894000.0,True,47418397750.0,0.1104340075002368,0.1254899214343179,0.11577916560737615,1120416000.0,0.04150798326564275,211894000.0,-0.008834283595178016
7259,7259.T,Aisin Corporation,アイシン,プライム（内国株式）,輸送用機器,自動車・輸送機,Consumer Cyclical,Auto Parts,JPY,2488.5,2930.166,0.8492693,1803099570176,11.26936,10.900609,0.085559994,220.82,5117763911680.0,0.05373,0.03355,592397991936.0,686002012160.0,3.25,2026-04-30,-0.569,4,94502500000.0,0.39822803221585934,37670000000.0,True,4531479500000.0,0.07716685625861497,0.040834381074143715,0.021477592206262424,79283000000.0,0.04397039481977205,83929000000.0,-0.06293062466308075
2153,2153.T,E J Holdings Inc.,Ｅ・Ｊホールディングス,プライム（内国株式）,サービス業,情報通信・サービスその他,Industrials,Engineering & Construction,JPY,1694.0,1954.309,0.8668026,30451636224,8.2493305,,0.08372,205.35,46393999360.0,0.06958,0.058930002,15902000128.0,12924000256.0,4.04,2026-04-30,-0.584,4,3101750000.0,0.021664823186201762,3032000000.0,True,38522250000.0,0.05211650715844973,0.0998568359329418,0.0961457645434352,1482000000.0,0.048667335610425556,807000000.0,0.005817928451673282
7250,7250.T,Pacific Industrial Co Ltd,太平洋工業,プライム（内国株式）,輸送用機器,自動車・輸送機,Consumer Cyclical,Auto Parts,JPY,,3254.331,0.9264577,173884440576,11.534048,15.653393,0.08808,261.4,217694994432.0,0.10536,0.072119996,36032000000.0,50918998016.0,0.0212,2026-04-30,-0.584,4,12324750000.0,0.24982288300984742,9301000000.0,True,192300750000.0,0.07815791196691424,0.08684310564139647,0.06955552813517747,2092500000.0,0.012033854168138909,4284000000.0,-0.05561968629342362
4689,4689.T,LY Corporation,ＬＩＮＥヤフー,プライム（内国株式）,情報・通信業,情報通信・サービスその他,Consumer Cyclical,Internet Retail,JPY,413.3,432.767,0.9550173,2832120676352,14.271409,19.295052,0.08517,28.96,1984076054528.0,0.13934,0.10539,1168780034048.0,1962109960192.0,1.75,2026-04-30,-0.584,4,130712000000.0,0.2961640764098889,77316000000.0,True,1742984750000.0,0.06950193892297674,0.05090106019571499,0.038008645028521006,164802000000.0,0.058190317021476035,235250000000.0,-0.049074464595678324
4526,4526.T,"Riken Vitamin Co., Ltd.",理研ビタミン,プライム（内国株式）,食料品,食品,Consumer Defensive,Packaged Foods,JPY,2784.0,2790.644,0.99761915,81258864640,8.812078,9.816643,0.11729,315.93,95232999424.0,0.06435,0.09979,17675999232.0,8183000064.0,4.0,2026-04-30,-0.594,4,11534750000.0,0.5119841130720544,6414000000.0,True,88761750000.0,0.0645359329378421,0.11064331112739412,0.09304957131044088,4880250000.0,0.060058062854076326,7493000000.0,-0.08933718651022282
7607,7607.T,"Shinwa Co., Ltd.",進和,プライム（内国株式）,卸売業,商社・卸売,Industrials,Specialty Industrial Machinery,JPY,3025.0,3456.99,0.8750387,40579039232,10.9407215,11.559036,0.0828,276.49,88718000128.0,0.07309,0.04177,25049999360.0,0.0,4.09,2026-04-30,-0.604,4,3352923750.0,0.11836846921642256,2729798000.0,True,77792231250.0,0.06626567842060616,0.08035884129868985,0.0677543240013254,4796200500.0,0.11819403787701782,2735000.0,0.0028087340134277383
5302,5302.T,"Nippon Carbon Co., Ltd.",日本カーボン,プライム（内国株式）,ガラス・土石製品,建設・資材,Basic Materials,Specialty Chemicals,JPY,4785.0,4919.377,0.97268414,52754141184,10.953417,10.581601,0.08659001,436.85,37734998016.0,0.14255,0.128,15180000256.0,10330999808.0,4.18,2026-04-30,-0.604,4,4038000000.0,0.14340813080372056,3194000000.0,True,37339250000.0,0.01771104143794866,0.08547132264475178,0.08038081346644722,1334750000.0,0.025301331232832604,,0.0012119341832084185
6272,6272.T,"Rheon Automatic Machinery Co., Ltd.",レオン自動機,プライム（内国株式）,機械,機械,Industrials,Specialty Industrial Machinery,JPY,1516.0,1529.241,0.9913415,40940670976,11.009441,9.519623,0.102060005,137.7,40860217344.0,0.10402001,0.0991,9969963008.0,2203249920.0,3.53,2026-04-30,-0.612,4,2947395000.0,0.32165701567598776,1486773000.0,True,34693038250.0,0.1383340327287459,0.10172540231668635,0.0916230377005002,2874415000.0,0.07020927921980133,2670000.0,0.003973162610950487
6637,6637.T,"Terasaki Electric Co.,Ltd.",寺崎電気産業,スタンダード（内国株式）,電気機器,電機・精密,Industrials,Electrical Equipment & Parts,JPY,4025.0,4313.445,0.9331289,49365315584,10.92266,16.388435,0.08767,368.5,59927998464.0,0.1016,0.07549,13237999616.0,2607000064.0,1.06,2026-04-30,-0.616,4,3021839500.0,0.42303013411025364,1275780000.0,True,47645079500.0,0.1421592656431916,0.08078456614348416,0.059816510045624445,1002934750.0,0.020316587428543968,190000.0,-8.979967764166652e-06
7354,7354.T,Direct Marketing MiX Inc.,ダイレクトマーケティングミックス,スタンダード（内国株式）,サービス業,情報通信・サービスその他,Communication Services,Advertising Agencies,JPY,300.0,320.496,0.9360491,13656058880,10.445683,2.7522936,0.09386,28.72,22694000640.0,0.08177,0.05922,5522999808.0,6364000256.0,3.14,2026-04-30,-0.621,4,1572969500.0,0.8509196539658275,310010000.0,True,26292863500.0,-0.1317610404433145,0.059230170534841704,0.021625967037578405,2826158750.0,0.2069527361323152,2000388000.0,0.014182434391653675
4633,4633.T,Sakata INX Corporation,サカタインクス,プライム（内国株式）,化学,素材・化学,Basic Materials,Specialty Chemicals,JPY,2340.0,2425.419,0.96478176,114033139712,9.946019,8.634686,0.10709,235.27,257668005888.0,0.050640002,0.045050003,20594999296.0,33597999104.0,4.27,2026-04-30,-0.654,4,8159000000.0,0.3130124206864715,4555000000.0,True,236782750000.0,0.06132952877918907,0.0887720326458624,0.0806842927156111,4549000000.0,0.03989191222384011,10397000000.0,-0.017997746099148504
1888,1888.T,"Wakachiku Construction Co., Ltd.",若築建設,プライム（内国株式）,建設業,建設・資材,Industrials,Engineering & Construction,JPY,3620.0,3925.371,0.9222058,46060490752,10.486979,,0.08552,345.19,101077999616.0,0.08497,0.041100003,16474000384.0,20938000384.0,3.49,2026-04-30,-0.66,4,4740000000.0,0.13831137386683653,3690000000.0,True,88636500000.0,-0.010205024947627206,0.11127363949934603,0.07830155648215933,2967500000.0,0.06442614812720265,343000000.0,-0.0035294464539991077
9008,9008.T,Keio Corporation,京王電鉄,プライム（内国株式）,陸運業,運輸・物流,Industrials,Conglomerates,JPY,737.3,751.234,0.9814518,426810867712,11.115633,2.6953025,0.08625,66.33,478204985344.0,0.12845999,0.0773,40982999040.0,462069989376.0,2.9,2026-04-30,-0.672,4,22699750000.0,0.6360829576569801,5585000000.0,True,377153750000.0,0.14734470480921447,0.0741441646691031,0.03779762676789075,-13029500000.0,-0.03052757318445776,15334000000.0,-0.03141197918430516
4025,4025.T,"Taki Chemical Co., Ltd.",多木化学,プライム（内国株式）,化学,素材・化学,Basic Materials,Chemicals,JPY,4590.0,5143.053,0.89246595,38273830912,11.795847,,0.080970004,389.12,41976999936.0,0.07034,0.07807,7365000192.0,1264999936.0,1.74,2026-04-30,-0.674,4,2247000000.0,0.30623372782284386,1356000000.0,True,37897750000.0,0.054039530684814485,0.06217026573726462,0.04123648638374869,2429250000.0,0.06347026002140686,1347000000.0,-0.037069404424124874
5715,5715.T,"Furukawa Co.,Ltd.",古河機械金属,プライム（内国株式）,非鉄金属,鉄鋼・非鉄,Basic Materials,Other Industrial Metals & Mining,JPY,4140.0,4146.246,0.99849355,134268395520,9.8733635,32.16783,0.109239995,419.31,204991004672.0,0.06504,0.07135,20348999680.0,60145999872.0,2.32,2026-04-30,-0.674,4,11851000000.0,0.4708051629253356,6211000000.0,True,200689500000.0,0.0035351722920069495,0.11437927099751871,0.062048571913805334,523000000.0,0.0038951832110192776,6283000000.0,-0.08847039843431093
8011,8011.T,Sanyo Shokai Ltd.,三陽商会,プライム（内国株式）,繊維製品,素材・化学,Consumer Cyclical,Apparel Manufacturing,JPY,3860.0,4011.154,0.9623166,39022120960,9.840914,,0.1026,392.24,58447998976.0,0.055710003,0.07037,23992000512.0,8575000064.0,2.44,2026-04-30,-0.678,4,2402500000.0,0.5019164891447198,661000000.0,True,54698500000.0,0.1613437644685567,0.07756885312514004,0.06141088297735919,1277750000.0,0.03274424784110966,3488000000.0,-0.12074898800438472
9413,9413.T,TV TOKYO Holdings Corporation,テレビ東京ホールディングス,プライム（内国株式）,情報・通信業,情報通信・サービスその他,Communication Services,Broadcasting,JPY,3955.0,4058.969,0.9743854,105305718784,11.372786,14.192413,0.092089996,347.76,165741002752.0,0.09847,0.05805,46776999936.0,5615000064.0,2.48,2026-04-30,-0.685,4,6379500000.0,0.054948429590452874,6024000000.0,True,150864250000.0,0.017187858290933722,0.06792161429587389,0.060106785671594214,6234750000.0,0.059206186254599676,4222000000.0,-0.03840941240813078
6902,6902.T,DENSO Corporation,デンソー,プライム（内国株式）,輸送用機器,自動車・輸送機,Consumer Cyclical,Auto Parts,JPY,1874.0,1964.915,0.9537308,5044708048896,11.493406,9.718908,0.08941,163.05,7539974995968.0,0.08641,0.05885,1189125947392.0,811282006016.0,4.01,2026-04-30,-0.696,4,327601500000.0,0.17276781787469978,263901000000.0,True,6555835500000.0,0.09096709879926368,0.07178853472742568,0.06311414727771043,260160250000.0,0.05157092293119605,667577000000.0,-0.0773329222963437
4205,4205.T,Zeon Corporation,日本ゼオン,プライム（内国株式）,化学,素材・化学,Basic Materials,Specialty Chemicals,JPY,1826.0,1891.247,0.9655006,349396893696,10.001643,15.243342,0.09689,182.57,414926012416.0,0.06999,0.08289,36451000320.0,8960000000.0,3.93,2026-04-30,-0.7,4,25320500000.0,0.35173851974901865,10569000000.0,True,388317500000.0,0.051585096601816094,0.06468775456182196,0.03226456392926157,-651500000.0,-0.001864641648951954,26432000000.0,-0.07905306125101152
6294,6294.T,Okada Aiyon Corporation,オカダアイヨン,プライム（内国株式）,機械,機械,Industrials,Farm & Heavy Construction Machinery,JPY,2201.0,2241.989,0.9817176,17725693952,11.1397915,6.8813505,0.09132,197.58,26631000064.0,0.10182,0.059970003,6268000256.0,15061999616.0,3.36,2026-04-30,-0.701,4,1491761250.0,0.16862836064751927,1190581000.0,True,24390248250.0,0.09391770643653796,0.10710140289776711,0.08871091550636091,-627254000.0,-0.035386710483581746,261000.0,0.0038386118976636574
6282,6282.T,Oiles Corporation,オイレス工業,プライム（内国株式）,機械,機械,Industrials,Tools & Accessories,JPY,2596.0,2666.18,0.9736777,75606720512,13.143639,,0.0806,197.51,67712999424.0,0.10401,0.09178001,25337999360.0,1580000000.0,3.28,2026-04-30,-0.782,4,5060250000.0,0.17486654962466497,4132000000.0,True,64776000000.0,0.041426976634396206,0.07385937677492121,0.06123749536865506,4463500000.0,0.05903575726831811,5378000000.0,-0.06858539052857948
9025,9025.T,"Konoike Transport Co.,Ltd.",鴻池運輸,プライム（内国株式）,陸運業,運輸・物流,Industrials,Integrated Freight & Logistics,JPY,2832.0,2884.503,0.9817983,150378119168,12.069553,11.124205,0.088240005,234.64,356848992256.0,0.07324,0.03569,56801001472.0,57237000192.0,3.85,2026-04-30,-0.818,4,10422000000.0,0.23719819517776625,7988000000.0,True,318307250000.0,0.0460829643410936,0.08699994629730821,0.0714907030220561,10956500000.0,0.0728596690836356,,0.00295920445910669
7282,7282.T,"Toyoda Gosei Co., Ltd.",豊田合成,プライム（内国株式）,輸送用機器,自動車・輸送機,Consumer Cyclical,Auto Parts,JPY,4627.0,4650.719,0.99489987,542528995328,9.374367,13.150865,0.088999994,493.58,1103462006784.0,0.06643,0.04346,183857004544.0,126824996864.0,2.26,2026-04-30,-0.863,4,31785250000.0,0.42434385001029123,16004000000.0,True,978256250000.0,0.0847740588623831,0.07024218053476143,0.03648812095524825,24766000000.0,0.04564917306406282,8162000000.0,-0.01738734374741846
7438,7438.T,Kondotec Inc.,コンドーテック,プライム（内国株式）,卸売業,商社・卸売,Industrials,Specialty Industrial Machinery,JPY,1450.0,1470.679,0.9859392,37139865600,11.575922,13.809524,0.08569,125.26,81684996096.0,0.060549997,0.040370002,13669999616.0,5650999808.0,3.55,2026-04-30,-0.892,4,2808750000.0,0.16450319913275646,2284000000.0,True,74408500000.0,0.061801862018941556,0.09067927800809798,0.07866907822913102,2134750000.0,0.05747866788187839,902000000.0,-0.004147180263764816
