code,ticker,name,name_jp,market,sector33,sector17,yf_sector,yf_industry,currency,price,book_value_per_share,pbr,market_cap,trailing_pe,forward_pe,roe,trailing_eps,total_revenue,operating_margins,profit_margins,total_cash,total_debt,dividend_yield,fetched_at,score
4235,4235.T,"Ultrafabrics Holdings Co.,Ltd.",ウルトラファブリックス・ホールディングス,スタンダード（内国株式）,化学,素材・化学,Consumer Cyclical,Textile Manufacturing,JPY,667.0,1548.345,0.43078256,10612365312,18.471336,6.7035174,0.36705002,36.11,9157999616.0,0.15168001,0.27364,1680000000.0,15509000192.0,5.22,2026-04-30,3.59
4404,4404.T,"Miyoshi Oil & Fat Co., Ltd.",ミヨシ油脂,スタンダード（内国株式）,食料品,食品,Consumer Defensive,Packaged Foods,JPY,2146.0,4178.426,0.5135906,21891796992,2.275354,,0.26101,943.15,59474001920.0,0.05155,0.16168,9672999936.0,15656999936.0,3.26,2026-04-30,2.023
8887,8887.T,"SYLA Holdings Co., Ltd.",シーラホールディングス,スタンダード（内国株式）,不動産業,不動産,Real Estate,Real Estate - Development,JPY,378.0,36189.035,0.010445152,14215164928,4.4179525,,0.10428,85.56,30872023040.0,0.104090005,0.03611,2559326976.0,32361854976.0,1.3,2026-04-30,1.879
4574,4574.T,"Taiko Pharmaceutical Co.,Ltd.",大幸薬品,プライム（内国株式）,医薬品,医薬品,Healthcare,Drug Manufacturers - Specialty & Generic,JPY,292.0,525.895,0.5552439,14673346560,15.895481,63.478264,0.20142001,18.37,22456000512.0,0.21345,0.18605,4944000000.0,94000000.0,1.19,2026-04-30,1.806
5351,5351.T,"Shinagawa Refra Co., Ltd.",品川リフラ,プライム（内国株式）,ガラス・土石製品,建設・資材,Industrials,Building Products & Equipment,JPY,1916.0,2615.272,0.73261976,87433060352,9.487497,8.212602,0.28977,201.95,169024995328.0,0.057550002,0.18837,31922999296.0,45035999232.0,4.67,2026-04-30,1.777
2220,2220.T,"Kameda Seika Co.,Ltd.",亀田製菓,プライム（内国株式）,食料品,食品,Consumer Defensive,Packaged Foods,JPY,1429.0,1586.345,0.90081286,90383040512,3.3590333,,0.31041,425.42,130271002624.0,0.103649996,0.20582001,18698999808.0,46243000320.0,1.52,2026-04-30,1.698
9506,9506.T,"Tohoku Electric Power Company, Incorporated",東北電力,プライム（内国株式）,電気・ガス業,電力・ガス,Utilities,Utilities - Renewable,JPY,1088.5,2189.534,0.49713776,544597704704,3.31153,4.081059,0.16431999,328.7,2451704119296.0,0.07533,0.06959,537252986880.0,3012268916736.0,3.46,2026-04-30,1.169
7347,7347.T,"Mercuria Holdings Co., Ltd.",マーキュリアホールディングス,プライム（内国株式）,証券、商品先物取引業,金融（除く銀行）,Financial Services,Asset Management,JPY,753.0,929.496,0.81011647,14569137152,inf,,0.09349,0.0,7215000064.0,0.54257,0.2334,5232000000.0,684000000.0,2.81,2026-04-30,1.068
7463,7463.T,"Advan Group Co., Ltd.",アドヴァングループ,スタンダード（内国株式）,小売業,小売,Basic Materials,Building Materials,JPY,958.0,1788.092,0.5357666,32170256384,4.0686316,,0.14129,235.46,17036000256.0,0.13419,0.47329,8265999872.0,18396999680.0,4.18,2026-04-30,1.017
7102,7102.T,"Nippon Sharyo, Ltd.",日本車輌製造,プライム（内国株式）,輸送用機器,自動車・輸送機,Industrials,Railroads,JPY,3730.0,5699.997,0.6543863,53821022208,4.6161084,,0.15877,808.04,99970998272.0,0.1541,0.116639994,5087000064.0,32597000192.0,1.35,2026-04-30,0.953
2993,2993.T,Choei Inc.,長栄,スタンダード（内国株式）,不動産業,不動産,Real Estate,Real Estate Services,JPY,2380.0,2761.904,0.8617244,10400524288,5.5174336,,0.18962999,431.36,10622000128.0,0.22368,0.20185,11143000064.0,50975997952.0,4.13,2026-04-30,0.947
6149,6149.T,"Odawara Engineering Co., Ltd.",小田原エンジニアリング,スタンダード（内国株式）,機械,機械,Industrials,Specialty Industrial Machinery,JPY,1984.0,3238.266,0.6126736,11351614464,4.8988867,10.730124,0.13239999,404.99,18237999104.0,0.19405001,0.12693,8725000192.0,0.0,3.51,2026-04-30,0.913
8387,8387.T,"The Shikoku Bank, Ltd.",四国銀行,プライム（内国株式）,銀行業,銀行,Financial Services,Banks - Regional,JPY,2559.0,4488.418,0.57013404,106869907456,16.31599,,0.09653,156.84,53284999168.0,0.27794,0.3197,160461996032.0,213524004864.0,2.3,2026-04-30,0.912
9414,9414.T,Nippon BS Broadcasting Corporation,日本ＢＳ放送,スタンダード（内国株式）,情報・通信業,情報通信・サービスその他,Communication Services,Broadcasting,JPY,906.0,1354.211,0.6690242,16157598720,14.196177,13.111433,0.11429,63.82,12115999744.0,0.27354,0.14642,8995000320.0,509000000.0,3.32,2026-04-30,0.828
6430,6430.T,"Daikoku Denki Co., Ltd.",ダイコク電機,プライム（内国株式）,機械,機械,Technology,Computer Hardware,JPY,2352.0,3478.158,0.67622,34244702208,5.4357624,37.813503,0.13354,432.69,55001300992.0,0.19377,0.11598,18553802752.0,0.0,4.24,2026-04-30,0.764
6419,6419.T,Mars Group Holdings Corporation,マースグループホールディングス,プライム（内国株式）,機械,機械,Consumer Cyclical,Leisure,JPY,2792.0,4511.768,0.61882615,51523948544,7.1333675,15.756208,0.08817001,391.4,32696530944.0,0.29177,0.21583,37779460096.0,625137984.0,5.31,2026-04-30,0.748
9508,9508.T,"Kyushu Electric Power Company, Incorporated",九州電力,プライム（内国株式）,電気・ガス業,電力・ガス,Utilities,Utilities - Independent Power Producers,JPY,1689.0,2385.836,0.707928,798530404352,4.642278,10.310726,0.16837999,363.83,2290826870784.0,0.089370005,0.079,328004009984.0,3278033911808.0,2.86,2026-04-30,0.721
4977,4977.T,Nitta Gelatin Inc.,新田ゼラチン,スタンダード（内国株式）,化学,素材・化学,Basic Materials,Specialty Chemicals,JPY,1196.0,1289.545,0.9274589,21752471552,4.771594,10.101351,0.21492,250.65,37509001216.0,0.1144,0.121379994,5967000064.0,6888000000.0,2.96,2026-04-30,0.708
8917,8917.T,"First Juken Co., Ltd.",ファースト住建,スタンダード（内国株式）,不動産業,不動産,Consumer Cyclical,Residential Construction,JPY,1105.0,2929.224,0.377233,15374509056,10.765783,,0.085710004,102.64,39623999488.0,0.08201,0.06289,13107000320.0,9676000256.0,3.83,2026-04-30,0.705
5445,5445.T,"Tokyo Tekko Co., Ltd.",東京鐵鋼,プライム（内国株式）,鉄鋼,鉄鋼・非鉄,Basic Materials,Steel,JPY,1806.0,2432.047,0.7425843,45709860864,4.5421395,7.0054307,0.15648,397.61,73455001600.0,0.15199,0.12606,7456999936.0,4536000000.0,12.72,2026-04-30,0.702
9022,9022.T,Central Japan Railway Company,東海旅客鉄道,プライム（内国株式）,陸運業,運輸・物流,Industrials,Railroads,JPY,3744.0,5185.515,0.7220112,3576475942912,6.5582957,8.819373,0.114700004,570.88,2006218047488.0,0.27111,0.27558002,368593010688.0,4805923176448.0,0.79,2026-04-30,0.691
4231,4231.T,Tigers Polymer Corporation,タイガースポリマー,スタンダード（内国株式）,化学,素材・化学,Basic Materials,Specialty Chemicals,JPY,988.0,2273.48,0.43457606,19300683776,5.0177755,,0.095410004,196.9,50891001856.0,0.06771,0.078600004,18517000192.0,2024999936.0,3.55,2026-04-30,0.615
7466,7466.T,SPK Corporation,ＳＰＫ,プライム（内国株式）,卸売業,商社・卸売,Consumer Cyclical,Auto Parts,JPY,1272.0,2794.838,0.4551248,25685903360,9.753105,,0.10411,130.42,74135003136.0,0.05129,0.03793,8184000000.0,8057999872.0,2.81,2026-04-30,0.601
6418,6418.T,"Japan Cash Machine Co., Ltd.",日本金銭機械,プライム（内国株式）,機械,機械,Industrials,Business Equipment & Supplies,JPY,973.0,1295.077,0.75130665,26394202112,5.702397,32.00658,0.14310001,170.63,30916444160.0,0.16922002,0.15174,22408933376.0,9450000384.0,4.07,2026-04-30,0.597
8928,8928.T,Anabuki Kosan Inc.,穴吹興産,スタンダード（内国株式）,不動産業,不動産,Real Estate,Real Estate Services,JPY,2507.0,4547.755,0.551261,26741669888,4.962784,,0.1166,505.16,147807993856.0,0.086289994,0.03645,15105000448.0,70982000640.0,2.82,2026-04-30,0.588
3020,3020.T,"Applied Co.,Ltd.",アプライド,スタンダード（内国株式）,小売業,小売,Technology,Electronics & Computer Distribution,JPY,3890.0,4855.254,0.80119395,10514067456,4.933418,,0.18445,788.5,48638001152.0,0.067210004,0.04632,7578999808.0,320000000.0,2.57,2026-04-30,0.581
5906,5906.T,"MK Seiko Co., Ltd.",エムケー精工,スタンダード（内国株式）,金属製品,建設・資材,Technology,Consumer Electronics,JPY,865.0,1347.215,0.6420653,12045784064,7.7460375,,0.114630006,111.67,28500000768.0,0.16099001,0.07119,5346999808.0,3351000064.0,1.73,2026-04-30,0.563
2112,2112.T,"Ensuiko Sugar Refining Co., Ltd.",塩水港精糖,スタンダード（内国株式）,食料品,食品,Consumer Defensive,Confectioners,JPY,501.0,710.072,0.70556223,13788808192,5.297663,,0.14479,94.57,32724000768.0,0.11206,0.07872,2696999936.0,6967000064.0,3.95,2026-04-30,0.559
1798,1798.T,Moriya Corporation,守谷商会,スタンダード（内国株式）,建設業,建設・資材,Industrials,Engineering & Construction,JPY,1194.0,1668.638,0.71555364,13020212224,4.750915,,0.16181,251.32,53027000320.0,0.06083,0.05133,10883999744.0,1844999936.0,9.84,2026-04-30,0.551
2418,2418.T,TSUKADA GLOBAL HOLDINGS Inc.,ツカダ・グローバルホールディング,スタンダード（内国株式）,サービス業,情報通信・サービスその他,Consumer Cyclical,Personal Services,JPY,620.0,785.951,0.7888533,29167136768,6.1624093,,0.123409994,100.61,73094995968.0,0.24826999,0.06523,27990999040.0,77720002560.0,2.25,2026-04-30,0.542
9247,9247.T,TRE Holdings Corporation,ＴＲＥホールディングス,プライム（内国株式）,サービス業,情報通信・サービスその他,Industrials,Waste Management,JPY,1599.0,1705.623,0.9374873,75191967744,4.8142347,12.074304,0.17698,332.14,123234000896.0,0.19368,0.11379,26589999104.0,64632000512.0,3.05,2026-04-30,0.541
9248,9248.T,"People, Dreams & Technologies Group Co., Ltd.",人・夢・技術グループ,スタンダード（内国株式）,サービス業,情報通信・サービスその他,Industrials,Engineering & Construction,JPY,1546.0,2397.067,0.64495486,13512257536,8.748797,,0.12982,176.71,47473999872.0,0.09252,0.05519,8024000000.0,14403999744.0,3.88,2026-04-30,0.503
8152,8152.T,SOMAR Corporation,ソマール,スタンダード（内国株式）,卸売業,商社・卸売,Basic Materials,Specialty Chemicals,JPY,5520.0,11109.357,0.49687842,10697351168,4.7665105,,0.09273,1158.08,30656999424.0,0.086289994,0.06165,11198999552.0,6111000064.0,1.79,2026-04-30,0.486
8860,8860.T,Fuji Corporation Limited,フジ住宅,プライム（内国株式）,不動産業,不動産,Real Estate,Real Estate Services,JPY,805.0,1604.275,0.50178427,28814913536,5.537975,,0.09658,145.36,140851511296.0,0.056149997,0.03797,20689860608.0,111590506496.0,3.98,2026-04-30,0.423
1518,1518.T,"Mitsui Matsushima Holdings Co., Ltd.",三井松島ホールディングス,プライム（内国株式）,その他製品,情報通信・サービスその他,Energy,Thermal Coal,JPY,1356.0,1379.069,0.9832721,51928915968,6.6824365,6.560232,0.18361999,202.92,64461000704.0,0.16,0.16667,6489999872.0,51335000064.0,4.61,2026-04-30,0.391
7173,7173.T,"Tokyo Kiraboshi Financial Group, Inc.",東京きらぼしフィナンシャルグループ,プライム（内国株式）,銀行業,銀行,Financial Services,Banks - Regional,JPY,11700.0,13398.893,0.8732065,354405974016,12.988022,,0.09907,900.83,153629999104.0,0.33841,0.24905,931164979200.0,169728999424.0,1.43,2026-04-30,0.356
7254,7254.T,Univance Corporation,ユニバンス,スタンダード（内国株式）,輸送用機器,自動車・輸送機,Consumer Cyclical,Auto Parts,JPY,798.0,1447.978,0.5511133,16652989440,7.8442936,,0.09348,101.73,54839001088.0,0.083009996,0.047870003,9857999872.0,408000000.0,2.03,2026-04-30,0.348
1911,1911.T,"Sumitomo Forestry Co., Ltd.",住友林業,プライム（内国株式）,建設業,建設・資材,Consumer Cyclical,Residential Construction,JPY,1388.0,2025.788,0.68516546,848670162944,7.9765534,2.216261,0.12991,174.01,1141233942528.0,0.06561,0.031229999,89054003200.0,302932983808.0,3.47,2026-04-30,0.323
5644,5644.T,Metalart Corporation,メタルアート,スタンダード（内国株式）,鉄鋼,鉄鋼・非鉄,Industrials,Metal Fabrication,JPY,5060.0,8720.622,0.5802338,14484958208,7.920978,,0.09182,638.81,44818001920.0,0.10054,0.048189998,10115999744.0,4818999808.0,2.91,2026-04-30,0.31
7022,7022.T,Sanoyas Holdings Corporation,サノヤスホールディングス,スタンダード（内国株式）,機械,機械,Industrials,Aerospace & Defense,JPY,311.0,334.043,0.9310179,10415034368,7.9276066,,0.17322999,39.23,28017000448.0,0.10782,0.06296,3022000128.0,11111000064.0,2.34,2026-04-30,0.263
5981,5981.T,"Tokyo Rope Mfg. Co., Ltd.",東京製綱,プライム（内国株式）,金属製品,建設・資材,Industrials,Specialty Industrial Machinery,JPY,1703.0,2549.091,0.6680813,26260756480,7.1747556,7.6919603,0.11254,237.36,63146000384.0,0.08618,0.066420004,5472000000.0,23019999232.0,3.78,2026-04-30,0.253
9856,9856.T,"Ku Holdings Co.,Ltd.",ケーユーホールディングス,スタンダード（内国株式）,小売業,小売,Consumer Cyclical,Auto & Truck Dealerships,JPY,1139.0,2185.965,0.52105135,35714424832,6.56787,,0.085200004,173.42,164998004736.0,0.05172,0.034879997,10353999872.0,14574000128.0,6.55,2026-04-30,0.247
6658,6658.T,"Shirai Electronics Industrial Co., Ltd.",シライ電子工業,スタンダード（内国株式）,電気機器,電機・精密,Technology,Electronic Components,JPY,682.0,690.584,0.98757,10173589504,5.6067085,,0.19188,121.64,29821999104.0,0.082279995,0.06264,1475000064.0,2852000000.0,5.12,2026-04-30,0.231
1867,1867.T,UEKI Corporation,植木組,スタンダード（内国株式）,建設業,建設・資材,Industrials,Engineering & Construction,JPY,2516.0,4676.622,0.53799516,16545192960,7.0656295,,0.08371,356.09,61316001792.0,0.064380005,0.04004,4368999936.0,4401999872.0,3.84,2026-04-30,0.227
9628,9628.T,"SAN Holdings, Inc.",燦ホールディングス,プライム（内国株式）,サービス業,情報通信・サービスその他,Consumer Cyclical,Personal Services,JPY,1390.0,1850.127,0.7512998,28797325312,6.0906143,,0.12838,228.22,39016001536.0,0.09323,0.11885,6864000000.0,15466999808.0,4.09,2026-04-30,0.223
5280,5280.T,"Yoshicon Co.,Ltd.",ヨシコン,スタンダード（内国株式）,不動産業,不動産,Real Estate,Real Estate - Development,JPY,2518.0,4041.655,0.6230121,17610403840,4.3186693,,0.091520004,583.05,26802999296.0,0.10694,0.093389995,2028000000.0,15745999872.0,6.31,2026-04-30,0.219
4208,4208.T,UBE Corporation,ＵＢＥ,プライム（内国株式）,化学,素材・化学,Basic Materials,Specialty Chemicals,JPY,2369.5,4373.067,0.5418394,230175539200,39.957844,6.8997145,0.08762,59.3,459331010560.0,0.05135,0.07703,53071998976.0,355045015552.0,4.6,2026-04-30,0.218
3454,3454.T,"First Brothers Co.,Ltd.",ファーストブラザーズ,スタンダード（内国株式）,不動産業,不動産,Financial Services,Asset Management,JPY,1171.0,1863.147,0.6285065,16422444032,9.388278,,0.08488,124.73,20508160000.0,0.13359,0.10596,2618898944.0,55393837056.0,3.17,2026-04-30,0.218
8897,8897.T,"MIRARTH HOLDINGS,Inc.",ＭＩＲＡＲＴＨホールディングス,プライム（内国株式）,不動産業,不動産,Real Estate,Real Estate - Development,JPY,397.0,593.432,0.6689899,53983502336,10.09151,,0.11354,39.34,188438003712.0,0.06985,0.049439996,38368002048.0,269152993280.0,5.26,2026-04-30,0.212
4365,4365.T,"Matsumoto Yushi-Seiyaku Co.,Ltd.",松本油脂製薬,スタンダード（内国株式）,化学,素材・化学,,,JPY,21110.0,29715.572,0.71040195,61313785856,8.967143,,0.081140004,2354.15,40668000256.0,0.21073,0.16654,51154001920.0,0.0,,2026-04-30,0.205
6493,6493.T,NITTAN Corporation,ＮＩＴＴＡＮ,スタンダード（内国株式）,輸送用機器,自動車・輸送機,Consumer Cyclical,Auto Parts,JPY,601.0,1051.78,0.57141227,17312145408,8.566134,,0.08814,70.16,51469000704.0,0.069910005,0.043909997,11756000256.0,12357000192.0,3.28,2026-04-30,0.204
3447,3447.T,"Shinwa Co., Ltd.",信和,スタンダード（内国株式）,金属製品,建設・資材,Industrials,Metal Fabrication,JPY,977.0,1243.508,0.7856805,13247823872,10.135906,,0.109230004,96.39,20060590080.0,0.17859,0.088929996,2563793920.0,10144431104.0,3.59,2026-04-30,0.2
1850,1850.T,"Nankai Tatsumura Construction Co., Ltd.",南海辰村建設,スタンダード（内国株式）,建設業,建設・資材,Industrials,Engineering & Construction,JPY,423.0,638.556,0.6624321,12194074624,5.9012275,,0.11437,71.68,50148999168.0,0.05609,0.039920002,8120999936.0,788000000.0,1.71,2026-04-30,0.196
8935,8935.T,"FJ Next Holdings Co., Ltd.",ＦＪネクストホールディングス,プライム（内国株式）,不動産業,不動産,Real Estate,Real Estate - Diversified,JPY,1504.0,2325.005,0.6468804,49259286528,6.6808815,,0.10465,225.12,125854998528.0,0.07429,0.060879998,18493999104.0,15662999552.0,3.69,2026-04-30,0.192
7523,7523.T,"Art Vivant Co., Ltd.",アールビバン,スタンダード（内国株式）,小売業,小売,Consumer Cyclical,Personal Services,JPY,1589.0,1773.778,0.895828,14471132160,10.630896,,0.090129994,149.47,11484999680.0,0.33263,0.124510005,7261000192.0,11025999872.0,1.87,2026-04-30,0.192
4005,4005.T,"Sumitomo Chemical Company, Limited",住友化学,プライム（内国株式）,化学,素材・化学,Basic Materials,Chemicals,JPY,505.4,629.0,0.8034976,827538210816,9.751109,12.97561,0.12083,51.83,2407775076352.0,0.15158,0.04044,276883013632.0,1221485002752.0,2.65,2026-04-30,0.191
6191,6191.T,AirTrip Corp.,エアトリ,プライム（内国株式）,サービス業,情報通信・サービスその他,Consumer Cyclical,Travel Services,JPY,685.0,713.164,0.9605084,15598652416,8.655547,7.67421,0.15899,79.14,29682999296.0,0.14827,0.08631,12483999744.0,6616999936.0,1.46,2026-04-30,0.167
9115,9115.T,"Meiji Shipping Group Co., Ltd.",明海グループ,スタンダード（内国株式）,海運業,運輸・物流,Industrials,Integrated Freight & Logistics,JPY,1274.0,1525.678,0.8350386,43387781120,8.900377,,0.13999,143.14,64422998016.0,0.10329001,0.091800004,56364998656.0,149697003520.0,0.36,2026-04-30,0.159
7888,7888.T,Sanko Gosei Ltd.,三光合成,プライム（内国株式）,化学,素材・化学,Technology,Semiconductor Equipment & Materials,JPY,866.0,1187.78,0.7290912,26398939136,6.594578,7.2347536,0.12641,131.32,96659996672.0,0.058080003,0.043920003,13537999872.0,26383998976.0,3.26,2026-04-30,0.155
7460,7460.T,"Yagi & Co.,Ltd.",ヤギ,スタンダード（内国株式）,卸売業,商社・卸売,Consumer Cyclical,Textile Manufacturing,JPY,3805.0,5668.567,0.6712455,30902128640,8.893096,,0.096190006,427.86,85096996864.0,0.10767,0.04995,8053000192.0,17487998976.0,3.86,2026-04-30,0.146
8596,8596.T,"Kyushu Leasing Service Co., Ltd.",九州リースサービス,スタンダード（内国株式）,その他金融業,金融（除く銀行）,Industrials,Rental & Leasing Services,JPY,1399.0,1958.814,0.7142077,31630030848,8.7448435,,0.083179995,159.98,30862999552.0,0.18495001,0.11642,4176999936.0,160576995328.0,4.26,2026-04-30,0.139
8609,8609.T,Okasan Securities Group Inc.,岡三証券グループ,プライム（内国株式）,証券、商品先物取引業,金融（除く銀行）,Financial Services,Capital Markets,JPY,904.0,1096.042,0.8247859,180876574720,8.491452,,0.097270004,106.46,91847999488.0,0.23077999,0.23256001,646928990208.0,541029007360.0,4.29,2026-04-30,0.138
7235,7235.T,"Tokyo Radiator Mfg.Co.,Ltd.",東京ラヂエーター製造,スタンダード（内国株式）,輸送用機器,自動車・輸送機,Consumer Cyclical,Auto Parts,JPY,1423.0,2413.97,0.5894854,13552386048,7.0760813,,0.0848,201.1,35263574016.0,0.0719,0.05589,9665716224.0,0.0,4.13,2026-04-30,0.131
9686,9686.T,"Toyo Tec Co.,Ltd.",東洋テック,スタンダード（内国株式）,サービス業,情報通信・サービスその他,Industrials,Security & Protection Services,JPY,1536.0,2243.879,0.68452895,15990556672,7.5709777,,0.107480004,202.88,44429000704.0,0.072129995,0.05422,12769999872.0,8245000192.0,4.29,2026-04-30,0.119
7327,7327.T,"Daishi Hokuetsu Financial Group, Inc.",第四北越フィナンシャルグループ,プライム（内国株式）,銀行業,銀行,Financial Services,Banks - Regional,JPY,1958.0,2084.957,0.9391081,513412300800,13.677005,,0.08083,143.16,202487005184.0,0.37433997,0.20758,2020551950336.0,1468983017472.0,3.14,2026-04-30,0.115
9691,9691.T,"Ryomo Systems Co.,Ltd.",両毛システムズ,スタンダード（内国株式）,情報・通信業,情報通信・サービスその他,Technology,Software - Application,JPY,3865.0,4254.068,0.90854216,13521833984,6.901909,,0.15145001,559.99,26211000320.0,0.111829996,0.08035,4071000064.0,4506999808.0,1.14,2026-04-30,0.114
4301,4301.T,Amuse Inc.,アミューズ,プライム（内国株式）,サービス業,情報通信・サービスその他,Communication Services,Entertainment,JPY,1970.0,2317.333,0.8501152,31929475072,6.7902937,18.942308,0.14023,290.12,69329002496.0,0.096049994,0.07516,31126999040.0,221000000.0,2.02,2026-04-30,0.101
6797,6797.T,"Nagoya Electric Works Co., Ltd.",名古屋電機工業,スタンダード（内国株式）,電気機器,電機・精密,Industrials,Security & Protection Services,JPY,1233.0,1922.448,0.64136976,14493612032,6.5637474,,0.088,187.85,17079000064.0,0.08663999,0.11241999,6969999872.0,0.0,3.67,2026-04-30,0.077
9503,9503.T,"The Kansai Electric Power Company, Incorporated",関西電力,プライム（内国株式）,電気・ガス業,電力・ガス,Utilities,Utilities - Renewable,JPY,2505.5,3031.834,0.8263975,2791285981184,6.44684,7.626396,0.12425,388.64,4133611896832.0,0.1182,0.09635,713609969664.0,4363732123648.0,3.55,2026-04-30,0.068
3946,3946.T,"Tomoku Co., Ltd.",トーモク,プライム（内国株式）,パルプ・紙,素材・化学,Consumer Cyclical,Packaging & Containers,JPY,3490.0,5936.438,0.5878946,57573113856,7.7872233,6.2905555,0.080649994,448.17,222415994880.0,0.060300004,0.03418,15628999680.0,70017998848.0,3.73,2026-04-30,0.059
6382,6382.T,Trinity Industrial Corporation,トリニティ工業,スタンダード（内国株式）,機械,機械,Consumer Cyclical,Auto Parts,JPY,1302.0,2072.784,0.62814075,21010053120,7.807628,,0.08242,166.76,38960001024.0,0.0877,0.06899,10236000256.0,174000000.0,4.65,2026-04-30,0.057
6349,6349.T,Komori Corporation,小森コーポレーション,プライム（内国株式）,機械,機械,Industrials,Specialty Industrial Machinery,JPY,1516.0,2256.76,0.6717595,80443572224,9.35456,33.91499,0.08365,162.06,119576002560.0,0.114209995,0.08101,52144001024.0,9774000128.0,4.62,2026-04-30,0.039
2329,2329.T,Tohokushinsha Film Corporation,東北新社,スタンダード（内国株式）,情報・通信業,情報通信・サービスその他,Communication Services,Entertainment,JPY,602.0,628.042,0.95853466,82889744384,8.772952,,0.16194001,68.62,47584002048.0,0.09395,0.27787,49223999488.0,0.0,4.49,2026-04-30,0.039
9031,9031.T,"Nishi-Nippon Railroad Co., Ltd.",西日本鉄道,プライム（内国株式）,陸運業,運輸・物流,Industrials,Railroads,JPY,2855.5,3550.275,0.8043039,215608918016,7.831656,14.368018,0.12707,364.61,470321004544.0,0.07959,0.06893,49782001664.0,356583014400.0,1.7,2026-04-30,0.036
9202,9202.T,ANA Holdings Inc.,ＡＮＡホールディングス,プライム（内国株式）,空運業,運輸・物流,Industrials,Airlines,JPY,2601.5,3088.879,0.84221494,1178749632512,9.170867,9.259984,0.12322,283.67,2436455989248.0,0.12094,0.06494,1229950025728.0,1188294033408.0,2.28,2026-04-30,0.026
7927,7927.T,Muto Seiko Co.,ムトー精工,スタンダード（内国株式）,化学,素材・化学,Technology,Electronic Components,JPY,1942.0,2921.368,0.6647571,13481094144,7.849002,,0.088520005,247.42,28746999808.0,0.08596,0.061329998,11294000128.0,6758000128.0,7.25,2026-04-30,0.021
4569,4569.T,"KYORIN Pharmaceutical Co., Ltd.",杏林製薬,プライム（内国株式）,医薬品,医薬品,Healthcare,Drug Manufacturers - Specialty & Generic,JPY,1558.0,2417.367,0.6445029,89509699584,9.597142,14.838096,0.08006,162.34,133257003008.0,0.09616,0.080790006,17809000448.0,29383999488.0,3.66,2026-04-30,0.018
6505,6505.T,Toyo Denki Seizo K.K.,東洋電機製造,スタンダード（内国株式）,電気機器,電機・精密,Industrials,Specialty Industrial Machinery,JPY,2496.0,3443.212,0.72490454,22507556864,10.365018,20.459017,0.094960004,240.81,40468000768.0,0.11287,0.067140006,4239000064.0,13461000192.0,3.0,2026-04-30,0.014
3636,3636.T,"Mitsubishi Research Institute, Inc.",三菱総合研究所,プライム（内国株式）,情報・通信業,情報通信・サービスその他,Technology,Information Technology Services,JPY,4480.0,5027.026,0.891183,70601940992,7.077856,11.561291,0.12774,632.96,128592003072.0,0.14012,0.07757,16172000256.0,971000000.0,3.7,2026-04-30,0.005
9059,9059.T,"Kanda Holdings Co.,Ltd.",カンダホールディングス,スタンダード（内国株式）,陸運業,運輸・物流,Industrials,Trucking,JPY,870.0,1291.911,0.673421,18640291840,8.000736,8.51272,0.09033,108.74,52098998272.0,0.079840004,0.04607,15089000448.0,6377999872.0,2.67,2026-04-30,-0.001
6484,6484.T,KVK Corporation,ＫＶＫ,スタンダード（内国株式）,機械,機械,Consumer Cyclical,"Furnishings, Fixtures & Appliances",JPY,2425.0,3743.392,0.6478082,19467509760,8.237371,,0.08094,294.39,30545000448.0,0.087740004,0.07671,3724999936.0,0.0,3.31,2026-04-30,-0.007
4471,4471.T,"Sanyo Chemical Industries, Ltd.",三洋化成工業,プライム（内国株式）,化学,素材・化学,Basic Materials,Specialty Chemicals,JPY,4995.0,6887.171,0.7252615,110497210368,8.104688,16.589172,0.09594,616.31,127749996544.0,0.09957,0.10425,31018999808.0,3576999936.0,3.36,2026-04-30,-0.017
7242,7242.T,KYB Corporation,カヤバ,プライム（内国株式）,輸送用機器,自動車・輸送機,Consumer Cyclical,Auto Parts,JPY,4490.0,5367.096,0.836579,193831731200,8.114507,7.2052126,0.13303,553.33,469482995712.0,0.06855,0.06463,50452000768.0,109362003968.0,3.34,2026-04-30,-0.019
5480,5480.T,"Nippon Yakin Kogyo Co., Ltd.",日本冶金工業,プライム（内国株式）,鉄鋼,鉄鋼・非鉄,Basic Materials,Steel,JPY,4540.0,7143.499,0.63554287,62897446912,6.769249,3.8080862,0.08234999,670.68,152593006592.0,0.06774,0.052210003,12506999808.0,78871003136.0,4.78,2026-04-30,-0.022
9619,9619.T,"Ichinen Holdings Co.,Ltd.",イチネンホールディングス,プライム（内国株式）,サービス業,情報通信・サービスその他,Industrials,Rental & Leasing Services,JPY,2159.0,2938.594,0.7347051,51119550464,7.13271,8.787139,0.106639996,302.69,160010993664.0,0.06704,0.04481,14565999616.0,111658000384.0,3.71,2026-04-30,-0.03
9201,9201.T,"Japan Airlines Co., Ltd.",日本航空,プライム（内国株式）,空運業,運輸・物流,Industrials,Airlines,JPY,2454.0,2829.268,0.86736214,1054797201408,8.730921,9.8490925,0.12172,281.07,1998822965248.0,0.12669,0.064899996,915057999872.0,866647015424.0,3.89,2026-04-30,-0.035
3903,3903.T,gumi Inc.,ｇｕｍｉ,プライム（内国株式）,情報・通信業,情報通信・サービスその他,Communication Services,Electronic Gaming & Multimedia,JPY,325.0,405.723,0.80103916,16575109120,5.686789,6.422925,0.112040006,57.15,8368859136.0,0.09826,0.28732002,4656000000.0,5266999808.0,,2026-04-30,-0.05
4028,4028.T,"Ishihara Sangyo Kaisha,Ltd.",石原産業,プライム（内国株式）,化学,素材・化学,Basic Materials,Specialty Chemicals,JPY,3005.0,3157.078,0.95182955,114956935168,8.6172285,12.243817,0.14339,348.72,147846004736.0,0.117580004,0.109689996,34958000128.0,71380000768.0,3.95,2026-04-30,-0.059
6357,6357.T,"Sansei Technologies, Inc.",三精テクノロジーズ,スタンダード（内国株式）,機械,機械,Industrials,Specialty Industrial Machinery,JPY,2128.0,2610.281,0.8152379,38685806592,10.2598715,,0.1232,207.41,70897999872.0,0.06865,0.07851,26038999040.0,17198000128.0,2.77,2026-04-30,-0.063
6489,6489.T,"Maezawa Industries, Inc.",前澤工業,スタンダード（内国株式）,機械,機械,Industrials,Pollution & Treatment Controls,JPY,1807.0,1858.201,0.9724459,31814533120,9.528581,29.334415,0.11212,189.64,38980001792.0,0.23034,0.08889,5948000256.0,6457999872.0,2.58,2026-04-30,-0.086
6209,6209.T,NPR-Riken Corporation,リケンＮＰＲ,プライム（内国株式）,機械,機械,Consumer Cyclical,Auto Parts,JPY,3880.0,5649.571,0.68677783,104392638464,8.884615,,0.082159996,436.71,163909992448.0,0.086169995,0.07231,26599999488.0,15797000192.0,4.26,2026-04-30,-0.097
4992,4992.T,"Hokko Chemical Industry Co., Ltd.",北興化学工業,スタンダード（内国株式）,化学,素材・化学,Basic Materials,Agricultural Inputs,JPY,1711.0,2173.098,0.78735524,44110004224,10.06589,11.301189,0.09056,169.98,50014998528.0,0.14074,0.09538999,6975000064.0,1000000000.0,3.12,2026-04-30,-0.104
6995,6995.T,"Tokai Rika Co., Ltd.",東海理化電機製作所,プライム（内国株式）,輸送用機器,自動車・輸送機,Consumer Cyclical,Auto Parts,JPY,2885.0,4043.243,0.71353614,245538734080,6.8728113,11.170481,0.094,419.77,637863002112.0,0.05771,0.04961,107891998720.0,10000000000.0,3.46,2026-04-30,-0.131
4619,4619.T,"Nihon Tokushu Toryo Co., Ltd.",日本特殊塗料,スタンダード（内国株式）,化学,素材・化学,Consumer Cyclical,Auto Parts,JPY,2054.0,2728.238,0.75286686,44323909632,8.238739,14.126548,0.1003,249.31,62763999232.0,0.069510005,0.09193,14627000320.0,3664999936.0,5.8,2026-04-30,-0.132
4540,4540.T,Tsumura & Co.,ツムラ,プライム（内国株式）,医薬品,医薬品,Healthcare,Drug Manufacturers - Specialty & Generic,JPY,3653.0,4095.96,0.8918544,272312565760,10.053944,8.746558,0.09264,363.34,189496000512.0,0.21243,0.1531,69477998592.0,135405002752.0,3.89,2026-04-30,-0.132
9845,9845.T,Parker Corporation,パーカーコーポレーション,スタンダード（内国株式）,化学,素材・化学,Industrials,Industrial Distribution,JPY,1393.0,1932.72,0.7207459,34864640000,8.841077,,0.08737001,157.56,72078999552.0,0.08442,0.05566,24034000896.0,4922999808.0,2.35,2026-04-30,-0.136
6932,6932.T,ENDO Lighting Corporation,遠藤照明,スタンダード（内国株式）,電気機器,電機・精密,Consumer Cyclical,"Furnishings, Fixtures & Appliances",JPY,2790.0,3169.694,0.8802111,41204445184,8.0183935,9.587629,0.121020004,347.95,54388998144.0,0.10582,0.098570004,23164999680.0,16494000128.0,2.98,2026-04-30,-0.137
7722,7722.T,"Kokusai Co., Ltd.",国際計測器,スタンダード（内国株式）,精密機器,電機・精密,Industrials,Specialty Industrial Machinery,JPY,807.0,902.022,0.8946567,10873652224,6.9157596,17.620089,0.11214,116.69,14138999808.0,0.14693,0.091309994,8441999872.0,2836000000.0,4.27,2026-04-30,-0.14
256A,256A.T,TOBISHIMA HOLDINGS Inc.,飛島ホールディングス,プライム（内国株式）,建設業,建設・資材,Industrials,Engineering & Construction,JPY,2000.0,2755.239,0.72588986,38306156544,10.286479,,0.09454001,194.43,138879991808.0,0.059169997,0.03504,14232999936.0,46077001728.0,4.88,2026-04-30,-0.153
8095,8095.T,"Astena Holdings Co., Ltd.",アステナホールディングス,プライム（内国株式）,卸売業,商社・卸売,Industrials,Conglomerates,JPY,481.0,683.025,0.7042202,19403384832,8.867993,,0.0854,54.24,64967000064.0,0.06964,0.03491,8465999872.0,21942999040.0,3.73,2026-04-30,-0.158
6365,6365.T,DMW Corporation,電業社機械製作所,スタンダード（内国株式）,機械,機械,Industrials,Specialty Industrial Machinery,JPY,5590.0,6925.271,0.80718863,23168067584,7.8138103,,0.10009,715.4,29888000000.0,0.10526,0.09184,6064000000.0,0.0,3.42,2026-04-30,-0.164
3023,3023.T,Rasa Corporation,ラサ商事,スタンダード（内国株式）,卸売業,商社・卸売,Basic Materials,Other Industrial Metals & Mining,JPY,1800.0,2122.227,0.84816563,18972164096,8.936994,,0.10543,201.41,28305999872.0,0.118540004,0.081750005,4871000064.0,3518000128.0,3.94,2026-04-30,-0.174
1379,1379.T,Hokuto Corporation,ホクト,プライム（内国株式）,水産・農林業,食品,Consumer Defensive,Farm Products,JPY,1825.0,1981.453,0.92104125,57120792576,10.364018,,0.107080005,176.09,85207998464.0,0.16868,0.07396,23503998976.0,30991998976.0,2.99,2026-04-30,-0.192
5356,5356.T,"Mino Ceramic Co., Ltd.",美濃窯業,スタンダード（内国株式）,ガラス・土石製品,建設・資材,Basic Materials,Building Materials,JPY,1173.0,1489.744,0.7873836,12034774016,9.464256,,0.091639996,123.94,15674000384.0,0.10074,0.08568,3576000000.0,1440000000.0,3.57,2026-04-30,-0.212
4202,4202.T,Daicel Corporation,ダイセル,プライム（内国株式）,化学,素材・化学,Basic Materials,Specialty Chemicals,JPY,1228.5,1482.942,0.8284208,313751306240,9.025788,5.630672,0.10627,136.11,578810019840.0,0.08343001,0.07108,75847999488.0,317903011840.0,4.84,2026-04-30,-0.221
9906,9906.T,Fujii Sangyo Corporation,藤井産業,スタンダード（内国株式）,卸売業,商社・卸売,Industrials,Specialty Industrial Machinery,JPY,4255.0,4721.066,0.9012795,35982680064,7.3355746,,0.13377,580.05,103913996288.0,0.05071,0.050100002,20208001024.0,1192999936.0,3.12,2026-04-30,-0.227
7971,7971.T,TOLI Corporation,東リ,スタンダード（内国株式）,化学,素材・化学,Industrials,Building Products & Equipment,JPY,643.0,860.57,0.7471792,36487028736,9.635845,,0.09086,66.73,112483000320.0,0.0591,0.03853,9182999552.0,10480000000.0,5.22,2026-04-30,-0.243
3932,3932.T,Akatsuki Inc.,アカツキ,プライム（内国株式）,情報・通信業,情報通信・サービスその他,Communication Services,Electronic Gaming & Multimedia,JPY,2742.0,2986.562,0.9181125,39545860096,18.936464,13.179524,0.090579994,144.8,23988000768.0,0.20358999,0.15695,33265999872.0,10062999552.0,3.99,2026-04-30,-0.245
4465,4465.T,"Niitaka Co., Ltd.",ニイタカ,スタンダード（内国株式）,化学,素材・化学,Consumer Defensive,Household & Personal Products,JPY,2281.0,2686.323,0.8491161,13523911680,6.3888187,12.945517,0.10569,357.03,24131000320.0,0.09255,0.066589996,7506999808.0,1538000000.0,3.31,2026-04-30,-0.252
1716,1716.T,Dai-Ichi Cutter Kogyo k.k.,第一カッター興業,スタンダード（内国株式）,建設業,建設・資材,Industrials,Engineering & Construction,JPY,1431.0,1756.889,0.8145079,16102823936,9.420671,5.989954,0.08911,151.9,20347000832.0,0.11812,0.08399,9733999616.0,288000000.0,2.8,2026-04-30,-0.254
5184,5184.T,"Nichirin Co., Ltd.",ニチリン,スタンダード（内国株式）,ゴム製品,自動車・輸送機,Consumer Cyclical,Auto Parts,JPY,3955.0,4574.491,0.864577,52183273472,9.454937,10.709451,0.10398,418.3,73668001792.0,0.11068,0.07485,23619000320.0,2131000064.0,4.81,2026-04-30,-0.254
4251,4251.T,KEIWA Incorporated,恵和,プライム（内国株式）,化学,素材・化学,Technology,Electronic Components,JPY,1194.0,1290.258,0.92539626,22083665920,9.779671,8.081219,0.09688,122.09,20472999936.0,0.18552,0.11078,9379000320.0,2155000064.0,4.18,2026-04-30,-0.254
5101,5101.T,"The Yokohama Rubber Company, Limited",横浜ゴム,プライム（内国株式）,ゴム製品,自動車・輸送機,Consumer Cyclical,Auto Parts,JPY,6353.0,6536.662,0.9719028,1001885597696,9.504361,12.172131,0.10985,668.43,1234958942208.0,0.18125,0.08535,107391000576.0,535770005504.0,2.66,2026-04-30,-0.254
6161,6161.T,Estic Corporation,エスティック,スタンダード（内国株式）,機械,機械,Industrials,Specialty Industrial Machinery,JPY,1012.0,1065.825,0.94949925,10087479296,8.8153305,9.1236925,0.10271,114.8,7378999808.0,0.18417999,0.13931,2873999872.0,0.0,5.91,2026-04-30,-0.261
9104,9104.T,"Mitsui O.S.K. Lines, Ltd.",商船三井,プライム（内国株式）,海運業,運輸・物流,Industrials,Marine Shipping,JPY,5935.0,7870.372,0.75409395,2038500425728,7.096821,10.547924,0.08866,836.29,1802240000000.0,0.065,0.13097,205562003456.0,2372806901760.0,3.35,2026-04-30,-0.265
1810,1810.T,"Matsui Construction Co., Ltd.",松井建設,スタンダード（内国株式）,建設業,建設・資材,Industrials,Engineering & Construction,JPY,1519.0,1927.887,0.78790927,43323187200,10.535442,,0.09219,144.18,97948999680.0,0.079619996,0.04879,5872999936.0,0.0,4.65,2026-04-30,-0.271
9639,9639.T,"Sankyo Frontier Co.,Ltd.",三協フロンテア,スタンダード（内国株式）,サービス業,情報通信・サービスその他,Real Estate,Real Estate - Diversified,JPY,2153.0,2271.491,0.9478356,47850536960,9.3328705,,0.10864,230.69,53487001600.0,0.15507,0.09894,4092000000.0,4100000000.0,4.17,2026-04-30,-0.284
9991,9991.T,Gecoss Corporation,ジェコス,プライム（内国株式）,卸売業,商社・卸売,Industrials,Rental & Leasing Services,JPY,1611.0,2037.129,0.7908188,54204362752,9.783796,,0.08766,164.66,115285000192.0,0.08276,0.05134,8302000128.0,2816000000.0,3.79,2026-04-30,-0.315
5013,5013.T,Yushiro Inc.,ユシロ,スタンダード（内国株式）,石油・石炭製品,エネルギー資源,Basic Materials,Chemicals,JPY,3315.0,3535.896,0.9375276,43175952384,9.349353,,0.1148,354.57,52343001088.0,0.11396,0.096140005,11628999680.0,6227999744.0,4.07,2026-04-30,-0.319
9768,9768.T,"IDEA Consultants,Inc.",いであ,スタンダード（内国株式）,サービス業,情報通信・サービスその他,Industrials,Engineering & Construction,JPY,3620.0,4301.749,0.84151816,25843019776,10.849367,,0.08012,333.66,24615999488.0,0.13859999,0.09673,2924999936.0,320000000.0,3.19,2026-04-30,-0.351
4809,4809.T,Paraca Inc.,パラカ,プライム（内国株式）,不動産業,不動産,Industrials,Specialty Business Services,JPY,2021.0,2046.386,0.9875947,20499908608,10.025299,,0.1021,201.59,17856999424.0,0.18719,0.11446,3560999936.0,27068000256.0,3.46,2026-04-30,-0.354
7931,7931.T,"Mirai Industry Co.,Ltd.",未来工業,プライム（内国株式）,化学,素材・化学,Industrials,Electrical Equipment & Parts,JPY,2985.0,3344.328,0.892556,48242917376,10.270437,10.240137,0.08715,290.64,45673000960.0,0.15682,0.102819994,23241000960.0,178000000.0,3.35,2026-04-30,-0.355
8604,8604.T,"Nomura Holdings, Inc.",野村ホールディングス,プライム（内国株式）,証券、商品先物取引業,金融（除く銀行）,Financial Services,Capital Markets,JPY,1256.5,1277.986,0.9831876,3627550244864,10.559711,13.815284,0.1007,118.99,2167713038336.0,0.18655,0.16705999,48617301737472.0,35363905077248.0,3.77,2026-04-30,-0.358
9110,9110.T,"NS United Kaiun Kaisha, Ltd.",ＮＳユナイテッド海運,プライム（内国株式）,海運業,運輸・物流,Industrials,Marine Shipping,JPY,7600.0,7613.526,0.9982234,179098255360,8.728609,,0.13108,870.7,229281005568.0,0.097629994,0.09679,67036999680.0,75575001088.0,3.81,2026-04-30,-0.358
9830,9830.T,Trusco Nakayama Corporation,トラスコ中山,プライム（内国株式）,卸売業,商社・卸売,Industrials,Industrial Distribution,JPY,2163.0,2824.537,0.7657892,142628995072,8.9784565,9.084418,0.08101,240.91,218986004480.0,0.06885,0.04453,47594000384.0,80000000000.0,2.53,2026-04-30,-0.36
5911,5911.T,Yokogawa Bridge Holdings Corp.,横河ブリッジホールディングス,プライム（内国株式）,金属製品,建設・資材,Industrials,Engineering & Construction,JPY,2941.0,3351.769,0.87744707,115747528704,9.639147,9.081926,0.093760006,305.11,149612003328.0,0.11509,0.080520004,23075000320.0,28500000768.0,3.94,2026-04-30,-0.375
2927,2927.T,"AFC-HD AMS Life Science Co., Ltd.",ＡＦＣ－ＨＤアムスライフサイエンス,スタンダード（内国株式）,食料品,食品,Consumer Defensive,Packaged Foods,JPY,863.0,1101.06,0.7837901,12564938752,8.983969,,0.08692,96.06,32886999040.0,0.05784,0.0416,11091000320.0,23761999872.0,4.15,2026-04-30,-0.379
2475,2475.T,"WDB Holdings Co., Ltd.",ＷＤＢホールディングス,プライム（内国株式）,サービス業,情報通信・サービスその他,Industrials,Staffing & Employment Services,JPY,1490.0,1680.734,0.8865174,28582619136,9.123753,8.361392,0.09974,163.31,50420625408.0,0.09588,0.06058,16692161536.0,0.0,4.16,2026-04-30,-0.395
6287,6287.T,Sato Corporation,サトー,プライム（内国株式）,機械,機械,Industrials,Business Equipment & Supplies,JPY,2086.0,2609.016,0.7995351,67722223616,9.438487,8.899318,0.08141,221.01,160350994432.0,0.08206,0.04156,29258999808.0,17795000320.0,3.59,2026-04-30,-0.401
9857,9857.T,Eiwa Corporation,英和,スタンダード（内国株式）,卸売業,商社・卸売,Industrials,Electrical Equipment & Parts,JPY,2655.0,2842.967,0.9338835,16802512896,8.848526,,0.11726,300.05,48591998976.0,0.07507,0.04157,6867999744.0,206000000.0,3.01,2026-04-30,-0.402
3176,3176.T,"Sanyo Trading Co., Ltd.",三洋貿易,プライム（内国株式）,卸売業,商社・卸売,Industrials,Industrial Distribution,JPY,1556.0,1831.957,0.8493649,44828626944,9.760993,7.398602,0.10125,159.41,132562796544.0,0.05582,0.039049998,11512000512.0,3801999872.0,3.66,2026-04-30,-0.406
6466,6466.T,"TVE Co., Ltd.",ＴＶＥ,スタンダード（内国株式）,機械,機械,Industrials,Specialty Industrial Machinery,JPY,4610.0,5211.708,0.8845469,10814068736,18.094751,,0.08447,254.77,10780000256.0,0.14023,0.09072,2172999936.0,102000000.0,0.82,2026-04-30,-0.411
7723,7723.T,"Aichi Tokei Denki Co., Ltd.",愛知時計電機,プライム（内国株式）,精密機器,電機・精密,Technology,Scientific & Technical Instruments,JPY,2891.0,3232.121,0.89445907,44352716800,11.382786,11.531712,0.09204,253.98,56954998784.0,0.121520005,0.07682,8207000064.0,700000000.0,3.84,2026-04-30,-0.416
6322,6322.T,Tacmina Corporation,タクミナ,スタンダード（内国株式）,機械,機械,Industrials,Specialty Industrial Machinery,JPY,1562.0,1586.312,0.98467386,10785076224,8.885603,,0.11094,175.79,11255000064.0,0.12911001,0.10298,3137999872.0,400000000.0,3.2,2026-04-30,-0.431
6340,6340.T,Shibuya Corporation,澁谷工業,プライム（内国株式）,機械,機械,Industrials,Specialty Industrial Machinery,JPY,3430.0,4032.528,0.850583,94895316992,10.574996,8.252135,0.08295,324.35,129572003840.0,0.10944,0.06927,37576998912.0,3241999872.0,2.77,2026-04-30,-0.432
6392,6392.T,Yamada Corporation,ヤマダコーポレーション,スタンダード（内国株式）,機械,機械,Industrials,Specialty Industrial Machinery,JPY,6800.0,7285.929,0.9333058,16277404672,9.578545,,0.08901,709.92,15422000128.0,0.15776,0.098170005,4048000000.0,731000000.0,3.09,2026-04-30,-0.436
9428,9428.T,Crops Corporation,クロップス,スタンダード（内国株式）,情報・通信業,情報通信・サービスその他,Communication Services,Telecom Services,JPY,1334.0,1354.469,0.98488784,12614445056,14.640035,,0.13095,91.12,64951001088.0,0.059609998,0.01926,9795999744.0,2566000128.0,1.86,2026-04-30,-0.439
6395,6395.T,Tadano Ltd.,タダノ,プライム（内国株式）,機械,機械,Industrials,Farm & Heavy Construction Machinery,JPY,1379.0,1629.201,0.84642714,174246789120,9.52348,14.751818,0.09292,144.8,349477011456.0,0.06926,0.052360002,81842003968.0,146015993856.0,2.43,2026-04-30,-0.442
8706,8706.T,"Kyokuto Securities Co., Ltd.",極東証券,プライム（内国株式）,証券、商品先物取引業,金融（除く銀行）,Financial Services,Capital Markets,JPY,1554.0,1670.872,0.9300533,48948379648,10.331073,,0.09201,150.42,8190000128.0,0.14123,0.58486,44726001664.0,13400000512.0,6.96,2026-04-30,-0.447
9955,9955.T,"The Yonkyu Co.,Ltd.",ヨンキュウ,スタンダード（内国株式）,卸売業,商社・卸売,Consumer Defensive,Farm Products,JPY,2780.0,3278.815,0.8478673,34069000192,10.171972,,0.09362,273.3,44835000320.0,0.06099,0.081099994,25764999168.0,6992999936.0,0.62,2026-04-30,-0.464
5076,5076.T,INFRONEER Holdings Inc.,インフロニア・ホールディングス,プライム（内国株式）,建設業,建設・資材,Industrials,Engineering & Construction,JPY,2132.0,2279.085,0.93546313,538526318592,12.957336,22.678438,0.113809995,164.54,1011766001664.0,0.06445,0.0625,198938001408.0,641924988928.0,4.28,2026-04-30,-0.472
7520,7520.T,"Eco's Co.,Ltd.",エコス,プライム（内国株式）,小売業,小売,Consumer Defensive,Food Distribution,JPY,2222.0,2601.62,0.8540832,24963993600,9.43164,,0.09431,235.59,134198001664.0,0.056789998,0.019709999,10149999616.0,9927000064.0,3.11,2026-04-30,-0.485
8439,8439.T,Tokyo Century Corporation,東京センチュリー,プライム（内国株式）,その他金融業,金融（除く銀行）,Industrials,Rental & Leasing Services,JPY,2151.0,2171.793,0.9904259,1051326939136,7.8124437,11.747037,0.12068,275.33,1396913995776.0,0.08325,0.09245,673177010176.0,5083251081216.0,3.3,2026-04-30,-0.485
6730,6730.T,AXELL Corporation,アクセル,スタンダード（内国株式）,電気機器,電機・精密,Technology,Semiconductors,JPY,1152.0,1276.684,0.9023377,12407140352,10.977701,,0.094280005,104.94,14341000192.0,0.09722,0.08723,4576999936.0,0.0,4.2,2026-04-30,-0.486
2001,2001.T,Nippn Corporation,ニップン,プライム（内国株式）,食料品,食品,Consumer Defensive,Packaged Foods,JPY,2641.0,3268.967,0.8079005,218714537984,11.61645,11.437852,0.08039,227.35,415811010560.0,0.06313,0.05013,41408000000.0,59015000064.0,2.48,2026-04-30,-0.489
6804,6804.T,Hosiden Corporation,ホシデン,プライム（内国株式）,電気機器,電機・精密,Industrials,Electrical Equipment & Parts,JPY,2780.0,2974.568,0.93458945,136867414016,39.759727,11.227786,0.111049995,69.92,442829996032.0,0.06678,0.03562,68622000128.0,10168999936.0,1.85,2026-04-30,-0.49
1381,1381.T,"AXYZ Co., Ltd.",アクシーズ,スタンダード（内国株式）,水産・農林業,食品,Consumer Defensive,Farm Products,JPY,3805.0,3992.934,0.9529333,21367623680,9.546868,,0.10371,398.56,28039999488.0,0.1065,0.07974,8480999936.0,48000000.0,2.97,2026-04-30,-0.491
6371,6371.T,Tsubakimoto Chain Co.,椿本チエイン,プライム（内国株式）,機械,機械,Industrials,Specialty Industrial Machinery,JPY,2351.0,2706.237,0.86873394,229166792704,10.847097,11.935222,0.087510005,216.74,281984008192.0,0.08719,0.08136,67101999104.0,28483000320.0,3.43,2026-04-30,-0.499
5463,5463.T,Maruichi Steel Tube Ltd.,丸一鋼管,プライム（内国株式）,鉄鋼,鉄鋼・非鉄,Basic Materials,Steel,JPY,1451.5,1524.604,0.9520505,320999489536,11.278167,5.257153,0.09511,128.7,245971992576.0,0.13207,0.13329001,89702998016.0,3852999936.0,1.52,2026-04-30,-0.499
9045,9045.T,"Keihan Holdings Co., Ltd.",京阪ホールディングス,プライム（内国株式）,陸運業,運輸・物流,Industrials,Conglomerates,JPY,3244.0,3264.6,0.99368984,327327252480,11.62599,13.613665,0.09205,279.03,305289986048.0,0.17365,0.09477,17307000832.0,403042009088.0,2.93,2026-04-30,-0.51
9009,9009.T,"Keisei Electric Railway Co., Ltd.",京成電鉄,プライム（内国株式）,陸運業,運輸・物流,Industrials,Railroads,JPY,1112.0,1151.957,0.9653138,536240488448,7.4851913,3.3739913,0.09781,148.56,328700985344.0,0.1294,0.15713,44472999936.0,375697014784.0,1.55,2026-04-30,-0.513
2121,2121.T,"MIXI, Inc.",ＭＩＸＩ,プライム（内国株式）,情報・通信業,情報通信・サービスその他,Communication Services,Electronic Gaming & Multimedia,JPY,2591.0,2683.313,0.9655974,168690810880,10.340424,13.381883,0.10026,250.57,160919994368.0,0.12154,0.11028,95890997248.0,45108998144.0,4.61,2026-04-30,-0.513
6863,6863.T,Nireco Corporation,ニレコ,スタンダード（内国株式）,電気機器,電機・精密,Technology,Scientific & Technical Instruments,JPY,2084.0,2289.024,0.91043174,14916515840,10.344485,12.294985,0.084350005,201.46,10832000000.0,0.122930005,0.12675,4027000064.0,612000000.0,4.73,2026-04-30,-0.529
8425,8425.T,"Mizuho Leasing Company, Limited",みずほリース,プライム（内国株式）,その他金融業,金融（除く銀行）,Financial Services,Credit Services,JPY,1427.0,1475.38,0.96720845,399826583552,8.839197,2.4921412,0.118240006,161.44,874337009664.0,0.05645,0.05369,72718999552.0,3529168912384.0,3.46,2026-04-30,-0.531
7292,7292.T,Murakami Corporation,村上開明堂,スタンダード（内国株式）,輸送用機器,自動車・輸送機,Consumer Cyclical,Auto Parts,JPY,6790.0,7874.148,0.86231554,78663868416,11.747405,,0.08432999,578.0,115085000704.0,0.075050004,0.057239998,46796001280.0,0.0,3.09,2026-04-30,-0.551
6989,6989.T,"Hokuriku Electric Industry Co.,Ltd.",北陸電気工業,スタンダード（内国株式）,電気機器,電機・精密,Technology,Electronic Components,JPY,2757.0,3098.536,0.8897751,21630322688,8.915117,,0.08939,309.25,42976002048.0,0.08022001,0.04812,11832999936.0,9061000192.0,3.24,2026-04-30,-0.554
8242,8242.T,H2O Retailing Corporation,エイチ・ツー・オー　リテイリング,プライム（内国株式）,小売業,小売,Consumer Defensive,Grocery Stores,JPY,2311.0,2642.746,0.87446916,265772908544,20.0538,11.772797,0.0866,115.24,682736025600.0,0.07335,0.03857,77240999936.0,166710001664.0,1.88,2026-04-30,-0.564
7525,7525.T,Rix Corporation,リックス,プライム（内国株式）,卸売業,商社・卸売,Industrials,Specialty Industrial Machinery,JPY,3330.0,3366.866,0.9890504,26992783360,9.281971,,0.11415,358.76,54696267776.0,0.07714,0.05687,8397986816.0,2290179072.0,4.59,2026-04-30,-0.565
7259,7259.T,Aisin Corporation,アイシン,プライム（内国株式）,輸送用機器,自動車・輸送機,Consumer Cyclical,Auto Parts,JPY,2488.5,2930.166,0.8492693,1803099570176,11.26936,10.900609,0.085559994,220.82,5117763911680.0,0.05373,0.03355,592397991936.0,686002012160.0,3.25,2026-04-30,-0.569
2153,2153.T,E J Holdings Inc.,Ｅ・Ｊホールディングス,プライム（内国株式）,サービス業,情報通信・サービスその他,Industrials,Engineering & Construction,JPY,1694.0,1954.309,0.8668026,30451636224,8.2493305,,0.08372,205.35,46393999360.0,0.06958,0.058930002,15902000128.0,12924000256.0,4.04,2026-04-30,-0.584
7250,7250.T,Pacific Industrial Co Ltd,太平洋工業,プライム（内国株式）,輸送用機器,自動車・輸送機,Consumer Cyclical,Auto Parts,JPY,,3254.331,0.9264577,173884440576,11.534048,15.653393,0.08808,261.4,217694994432.0,0.10536,0.072119996,36032000000.0,50918998016.0,0.0212,2026-04-30,-0.584
4689,4689.T,LY Corporation,ＬＩＮＥヤフー,プライム（内国株式）,情報・通信業,情報通信・サービスその他,Consumer Cyclical,Internet Retail,JPY,413.3,432.767,0.9550173,2832120676352,14.271409,19.295052,0.08517,28.96,1984076054528.0,0.13934,0.10539,1168780034048.0,1962109960192.0,1.75,2026-04-30,-0.584
4526,4526.T,"Riken Vitamin Co., Ltd.",理研ビタミン,プライム（内国株式）,食料品,食品,Consumer Defensive,Packaged Foods,JPY,2784.0,2790.644,0.99761915,81258864640,8.812078,9.816643,0.11729,315.93,95232999424.0,0.06435,0.09979,17675999232.0,8183000064.0,4.0,2026-04-30,-0.594
7607,7607.T,"Shinwa Co., Ltd.",進和,プライム（内国株式）,卸売業,商社・卸売,Industrials,Specialty Industrial Machinery,JPY,3025.0,3456.99,0.8750387,40579039232,10.9407215,11.559036,0.0828,276.49,88718000128.0,0.07309,0.04177,25049999360.0,0.0,4.09,2026-04-30,-0.604
5302,5302.T,"Nippon Carbon Co., Ltd.",日本カーボン,プライム（内国株式）,ガラス・土石製品,建設・資材,Basic Materials,Specialty Chemicals,JPY,4785.0,4919.377,0.97268414,52754141184,10.953417,10.581601,0.08659001,436.85,37734998016.0,0.14255,0.128,15180000256.0,10330999808.0,4.18,2026-04-30,-0.604
6272,6272.T,"Rheon Automatic Machinery Co., Ltd.",レオン自動機,プライム（内国株式）,機械,機械,Industrials,Specialty Industrial Machinery,JPY,1516.0,1529.241,0.9913415,40940670976,11.009441,9.519623,0.102060005,137.7,40860217344.0,0.10402001,0.0991,9969963008.0,2203249920.0,3.53,2026-04-30,-0.612
6637,6637.T,"Terasaki Electric Co.,Ltd.",寺崎電気産業,スタンダード（内国株式）,電気機器,電機・精密,Industrials,Electrical Equipment & Parts,JPY,4025.0,4313.445,0.9331289,49365315584,10.92266,16.388435,0.08767,368.5,59927998464.0,0.1016,0.07549,13237999616.0,2607000064.0,1.06,2026-04-30,-0.616
7354,7354.T,Direct Marketing MiX Inc.,ダイレクトマーケティングミックス,スタンダード（内国株式）,サービス業,情報通信・サービスその他,Communication Services,Advertising Agencies,JPY,300.0,320.496,0.9360491,13656058880,10.445683,2.7522936,0.09386,28.72,22694000640.0,0.08177,0.05922,5522999808.0,6364000256.0,3.14,2026-04-30,-0.621
4633,4633.T,Sakata INX Corporation,サカタインクス,プライム（内国株式）,化学,素材・化学,Basic Materials,Specialty Chemicals,JPY,2340.0,2425.419,0.96478176,114033139712,9.946019,8.634686,0.10709,235.27,257668005888.0,0.050640002,0.045050003,20594999296.0,33597999104.0,4.27,2026-04-30,-0.654
1888,1888.T,"Wakachiku Construction Co., Ltd.",若築建設,プライム（内国株式）,建設業,建設・資材,Industrials,Engineering & Construction,JPY,3620.0,3925.371,0.9222058,46060490752,10.486979,,0.08552,345.19,101077999616.0,0.08497,0.041100003,16474000384.0,20938000384.0,3.49,2026-04-30,-0.66
9008,9008.T,Keio Corporation,京王電鉄,プライム（内国株式）,陸運業,運輸・物流,Industrials,Conglomerates,JPY,737.3,751.234,0.9814518,426810867712,11.115633,2.6953025,0.08625,66.33,478204985344.0,0.12845999,0.0773,40982999040.0,462069989376.0,2.9,2026-04-30,-0.672
4025,4025.T,"Taki Chemical Co., Ltd.",多木化学,プライム（内国株式）,化学,素材・化学,Basic Materials,Chemicals,JPY,4590.0,5143.053,0.89246595,38273830912,11.795847,,0.080970004,389.12,41976999936.0,0.07034,0.07807,7365000192.0,1264999936.0,1.74,2026-04-30,-0.674
5715,5715.T,"Furukawa Co.,Ltd.",古河機械金属,プライム（内国株式）,非鉄金属,鉄鋼・非鉄,Basic Materials,Other Industrial Metals & Mining,JPY,4140.0,4146.246,0.99849355,134268395520,9.8733635,32.16783,0.109239995,419.31,204991004672.0,0.06504,0.07135,20348999680.0,60145999872.0,2.32,2026-04-30,-0.674
8011,8011.T,Sanyo Shokai Ltd.,三陽商会,プライム（内国株式）,繊維製品,素材・化学,Consumer Cyclical,Apparel Manufacturing,JPY,3860.0,4011.154,0.9623166,39022120960,9.840914,,0.1026,392.24,58447998976.0,0.055710003,0.07037,23992000512.0,8575000064.0,2.44,2026-04-30,-0.678
9413,9413.T,TV TOKYO Holdings Corporation,テレビ東京ホールディングス,プライム（内国株式）,情報・通信業,情報通信・サービスその他,Communication Services,Broadcasting,JPY,3955.0,4058.969,0.9743854,105305718784,11.372786,14.192413,0.092089996,347.76,165741002752.0,0.09847,0.05805,46776999936.0,5615000064.0,2.48,2026-04-30,-0.685
6902,6902.T,DENSO Corporation,デンソー,プライム（内国株式）,輸送用機器,自動車・輸送機,Consumer Cyclical,Auto Parts,JPY,1874.0,1964.915,0.9537308,5044708048896,11.493406,9.718908,0.08941,163.05,7539974995968.0,0.08641,0.05885,1189125947392.0,811282006016.0,4.01,2026-04-30,-0.696
4205,4205.T,Zeon Corporation,日本ゼオン,プライム（内国株式）,化学,素材・化学,Basic Materials,Specialty Chemicals,JPY,1826.0,1891.247,0.9655006,349396893696,10.001643,15.243342,0.09689,182.57,414926012416.0,0.06999,0.08289,36451000320.0,8960000000.0,3.93,2026-04-30,-0.7
6294,6294.T,Okada Aiyon Corporation,オカダアイヨン,プライム（内国株式）,機械,機械,Industrials,Farm & Heavy Construction Machinery,JPY,2201.0,2241.989,0.9817176,17725693952,11.1397915,6.8813505,0.09132,197.58,26631000064.0,0.10182,0.059970003,6268000256.0,15061999616.0,3.36,2026-04-30,-0.701
6282,6282.T,Oiles Corporation,オイレス工業,プライム（内国株式）,機械,機械,Industrials,Tools & Accessories,JPY,2596.0,2666.18,0.9736777,75606720512,13.143639,,0.0806,197.51,67712999424.0,0.10401,0.09178001,25337999360.0,1580000000.0,3.28,2026-04-30,-0.782
9025,9025.T,"Konoike Transport Co.,Ltd.",鴻池運輸,プライム（内国株式）,陸運業,運輸・物流,Industrials,Integrated Freight & Logistics,JPY,2832.0,2884.503,0.9817983,150378119168,12.069553,11.124205,0.088240005,234.64,356848992256.0,0.07324,0.03569,56801001472.0,57237000192.0,3.85,2026-04-30,-0.818
7282,7282.T,"Toyoda Gosei Co., Ltd.",豊田合成,プライム（内国株式）,輸送用機器,自動車・輸送機,Consumer Cyclical,Auto Parts,JPY,4627.0,4650.719,0.99489987,542528995328,9.374367,13.150865,0.088999994,493.58,1103462006784.0,0.06643,0.04346,183857004544.0,126824996864.0,2.26,2026-04-30,-0.863
7438,7438.T,Kondotec Inc.,コンドーテック,プライム（内国株式）,卸売業,商社・卸売,Industrials,Specialty Industrial Machinery,JPY,1450.0,1470.679,0.9859392,37139865600,11.575922,13.809524,0.08569,125.26,81684996096.0,0.060549997,0.040370002,13669999616.0,5650999808.0,3.55,2026-04-30,-0.892
